"RCD","Effect","Exp_organism","PMID","Remark","Latest_update","Data_source"
"Ferroptosis","Ferroptosis :-: Fibrosarcoma","Human",22632970,NA,2020-12-31,"FerrDb team"
"Ferroptosis","Ferroptosis :-: Osteosarcoma","Human",22632970,NA,2020-12-31,"FerrDb team"
"Ferroptosis","Ferroptosis :-: Non small cell lung cancer","Human",22632970,NA,2020-12-31,"FerrDb team"
"Ferroptosis","Ferroptosis :+: Neurodegenerative diseases","Mice",22632970,NA,2020-12-31,"FerrDb team"
"Ferroptosis","Ferroptosis :-: Diffuse large b cell lymphomas","Human",24439385,NA,2020-12-31,"FerrDb team"
"Ferroptosis","Ferroptosis :-: Renal cell carcinomas","Human",24439385,NA,2020-12-31,"FerrDb team"
"Ferroptosis","Ferroptosis :+: Huntington’s disease","Rat",24592866,NA,2020-12-31,"FerrDb team"
"Ferroptosis","Ferroptosis :+: Periventricular leukomalacia","_NA_",24592866,NA,2020-12-31,"FerrDb team"
"Ferroptosis","Ferroptosis :+: Rhabdomyolysis-induced acute kidney injury","Mice",24592866,NA,2020-12-31,"FerrDb team"
"Ferroptosis","Ferroptosis :-: Prostate cancer","Human",24844246,NA,2020-12-31,"FerrDb team"
"Ferroptosis","Ferroptosis :-: Hepatocellular carcinoma","Human",23505071,NA,2020-12-31,"FerrDb team"
"Ferroptosis","Ferroptosis :-: Hepatocellular carcinoma","Human",25174755,NA,2020-12-31,"FerrDb team"
"Ferroptosis","Ferroptosis :-: Kidney cancer","Human",25368241,NA,2020-12-31,"FerrDb team"
"Ferroptosis","Ferroptosis :-: Melanoma","Human",25368241,NA,2020-12-31,"FerrDb team"
"Ferroptosis","Ferroptosis :-: Lung carcinoma","Human",25368241,NA,2020-12-31,"FerrDb team"
"Ferroptosis","Ferroptosis :-: Pancreatic adenocarcinoma","Human",25368241,NA,2020-12-31,"FerrDb team"
"Ferroptosis","Ferroptosis :-: Colon carcinoma","Human",25368241,NA,2020-12-31,"FerrDb team"
"Ferroptosis","Ferroptosis :+: Kidney ischemia-reperfusion injury","Mice",25385600,NA,2020-12-31,"FerrDb team"
"Ferroptosis","Ferroptosis :+: Oxalate crystal-induced acute kidney injury","Mice",25385600,NA,2020-12-31,"FerrDb team"
"Ferroptosis","Ferroptosis :+: Acute renal failure","Mice",25402683,NA,2020-12-31,"FerrDb team"
"Ferroptosis","Ferroptosis :-: Liver cancer","Human",25444922,NA,2020-12-31,"FerrDb team"
"Ferroptosis","Ferroptosis :-: Cervical carcinoma","Human",25728673,NA,2020-12-31,"FerrDb team"
"Ferroptosis","Ferroptosis :-: Colon tumour","Human",25799988,NA,2020-12-31,"FerrDb team"
"Ferroptosis","Ferroptosis :-: Liver tumour","Human",25799988,NA,2020-12-31,"FerrDb team"
"Ferroptosis","Ferroptosis :-: Kidney tumour","Human",25799988,NA,2020-12-31,"FerrDb team"
"Ferroptosis","Ferroptosis :+: Lymphocytic choriomeningitis virus infection","Mice",25824823,NA,2020-12-31,"FerrDb team"
"Ferroptosis","Ferroptosis :+: Leishmania major infection","Mice",25824823,NA,2020-12-31,"FerrDb team"
"Ferroptosis","Ferroptosis :-: Glioma","Rat",25896595,NA,2020-12-31,"FerrDb team"
"Ferroptosis","Ferroptosis :-: Chronic myeloid leukemia","Human",25965523,NA,2020-12-31,"FerrDb team"
"Ferroptosis","Ferroptosis :-: Pancreatic ductal adenocarcinoma","Human",26097885,NA,2020-12-31,"FerrDb team"
"Ferroptosis","Ferroptosis :-: Rhabdomyosarcoma","_NA_",26157704,NA,2020-12-31,"FerrDb team"
"Ferroptosis","Ferroptosis :+: Ischemia/reperfusion-induced heart injury","Mice",26166707,NA,2020-12-31,"FerrDb team"
"Ferroptosis","Ferroptosis :+: Rapid motor neuron degeneration","Mice",26400084,NA,2020-12-31,"FerrDb team"
"Ferroptosis","Ferroptosis :+: Paralysis","Mice",26400084,NA,2020-12-31,"FerrDb team"
"Ferroptosis","Ferroptosis :-: Hepatocellular carcinoma","Human, mice",26403645,NA,2020-12-31,"FerrDb team"
"Ferroptosis","Ferroptosis :-: Triple-negative breast cancer","Human",26930718,NA,2020-12-31,"FerrDb team"
"Ferroptosis","Ferroptosis :-: Pro-b-cell lymphomas","Mice",26943586,NA,2020-12-31,"FerrDb team"
"Ferroptosis","Ferroptosis :-: Hepatocellular carcinoma","Human",27015352,NA,2020-12-31,"FerrDb team"
"Ferroptosis","Ferroptosis :-: Pancreatic ductal adenocarcinoma","Human",27037021,NA,2020-12-31,"FerrDb team"
"Ferroptosis","Ferroptosis :-: Hepatocellular carcinoma","Human",27184800,NA,2020-12-31,"FerrDb team"
"Ferroptosis","Ferroptosis :+: Parkinson's disease","Human",27189756,NA,2020-12-31,"FerrDb team"
"Ferroptosis","Ferroptosis :-: Acute myeloid leukemia","Human",27308510,NA,2020-12-31,"FerrDb team"
"Ferroptosis","Ferroptosis :+: Acute kidney injury","Mice",27352622,NA,2020-12-31,"FerrDb team"
"Ferroptosis","Ferroptosis :-: Pancreatic cancer","Human",27375275,NA,2020-12-31,"FerrDb team"
"Ferroptosis","Ferroptosis :-: Breast cancer","Human",27441659,NA,2020-12-31,"FerrDb team"
"Ferroptosis","Ferroptosis :-: Head and neck cancer","Human",27477897,NA,2020-12-31,"FerrDb team"
"Ferroptosis","Ferroptosis :-: Head and neck carcinoma","Human",27477901,NA,2020-12-31,"FerrDb team"
"Ferroptosis","Ferroptosis :-: Glioma","Rat",27612422,NA,2020-12-31,"FerrDb team"
"Ferroptosis","Ferroptosis :+: Bone marrow injury","Mice",27773819,NA,2020-12-31,"FerrDb team"
"Ferroptosis","Ferroptosis :-: Breast cancer","Human",27842070,NA,2020-12-31,"FerrDb team"
"Ferroptosis","Ferroptosis :-: Head and neck cancer","_NA_",28012440,NA,2020-12-31,"FerrDb team"
"Ferroptosis","Ferroptosis :+: Hemochromatosis","Mice",28195347,NA,2020-12-31,"FerrDb team"
"Ferroptosis","Ferroptosis :-: Non-small-cell lung cancer","Human",28297659,NA,2020-12-31,"FerrDb team"
"Ferroptosis","Ferroptosis :-: Ovarian cancer","Human",28319068,NA,2020-12-31,"FerrDb team"
"Ferroptosis","Ferroptosis :-: Melanoma","Human",28358377,NA,2020-12-31,"FerrDb team"
"Ferroptosis","Ferroptosis :+: Acute kidney failure","Human, mice",28551825,NA,2020-12-31,"FerrDb team"
"Ferroptosis","Ferroptosis :-: Gliomas","Human",28553953,NA,2020-12-31,"FerrDb team"
"Ferroptosis","Ferroptosis :-: Acute lymphoblastic leukemia","_NA_",28595877,NA,2020-12-31,"FerrDb team"
"Ferroptosis","Ferroptosis :-: Hepatocellular carcinoma","Human",28756230,NA,2020-12-31,"FerrDb team"
"Ferroptosis","Ferroptosis :-: Glioblastomas","Human",28805788,NA,2020-12-31,"FerrDb team"
"Ferroptosis","Ferroptosis :-: Colorectal cancer","Human",28813679,NA,2020-12-31,"FerrDb team"
"Ferroptosis","Ferroptosis :-: Breast cancer","Human",28827805,NA,2020-12-31,"FerrDb team"
"Ferroptosis","Ferroptosis :+: Ischemic stroke","Mice, rat",28886009,NA,2020-12-31,"FerrDb team"
"Ferroptosis","Ferroptosis :-: Hepatocellular carcinoma","Human, rat",28893626,NA,2020-12-31,"FerrDb team"
"Ferroptosis","Ferroptosis :-: Lung cancer","Human",28900510,NA,2020-12-31,"FerrDb team"
"Ferroptosis","Ferroptosis :+: Asthma","Human",29053969,NA,2020-12-31,"FerrDb team"
"Ferroptosis","Ferroptosis :+: Acute kidney injury","Human",29053969,NA,2020-12-31,"FerrDb team"
"Ferroptosis","Ferroptosis :+: Traumatic brain injury","Rat",29053969,NA,2020-12-31,"FerrDb team"
"Ferroptosis","Ferroptosis :-: Lung adenocarcinomas","Human",29168506,NA,2020-12-31,"FerrDb team"
"Ferroptosis","Ferroptosis :-: Squamous cell lung cancer","Human",29212036,NA,2020-12-31,"FerrDb team"
"Ferroptosis","Ferroptosis :-: Melanoma","Human",29348676,NA,2020-12-31,"FerrDb team"
"Ferroptosis","Ferroptosis :-: Breast cancer","Human",29383104,NA,2020-12-31,"FerrDb team"
"Ferroptosis","Ferroptosis :+: Heart failure","Rat",29427658,NA,2020-12-31,"FerrDb team"
"Ferroptosis","Ferroptosis :-: Large b-cell lymphoma","Human",29463878,NA,2020-12-31,"FerrDb team"
"Ferroptosis","Ferroptosis :-: Breast cancer","Human",29588351,NA,2020-12-31,"FerrDb team"
"Ferroptosis","Ferroptosis :-: Lung cancer","Human",29588351,NA,2020-12-31,"FerrDb team"
"Ferroptosis","Ferroptosis :-: Melanoma","Human",29657129,NA,2020-12-31,"FerrDb team"
"Ferroptosis","Ferroptosis :-: Glioma","Human",29702192,NA,2020-12-31,"FerrDb team"
"Ferroptosis","Ferroptosis :-: Clear cell renal cell carcinoma","Human",29872221,NA,2020-12-31,"FerrDb team"
"Ferroptosis","Ferroptosis :-: Head and neck cancer","Human",29928961,NA,2020-12-31,"FerrDb team"
"Ferroptosis","Ferroptosis :-: Neuroblastoma","Human",29939160,NA,2020-12-31,"FerrDb team"
"Ferroptosis","Ferroptosis :-: Melanoma","Human",30035324,NA,2020-12-31,"FerrDb team"
"Ferroptosis","Ferroptosis :+: Secondary brain injury","Rat",30205109,NA,2020-12-31,"FerrDb team"
"Ferroptosis","Ferroptosis :-: Hepatocellular carcinoma","Human",30258181,NA,2020-12-31,"FerrDb team"
"Ferroptosis","Ferroptosis :+: Brain injury","Mice",30264934,NA,2020-12-31,"FerrDb team"
"Ferroptosis","Ferroptosis :+: Multiple sclerosis","Human",30289974,NA,2020-12-31,"FerrDb team"
"Ferroptosis","Ferroptosis :+: Hemorrhagic stroke","Mice",30294906,NA,2020-12-31,"FerrDb team"
"Ferroptosis","Ferroptosis :-: Liver fibrosis","Mice",30321484,NA,2020-12-31,"FerrDb team"
"Ferroptosis","Ferroptosis :+: Spinal cord injury","Rat",30352209,NA,2020-12-31,"FerrDb team"
"Ferroptosis","Ferroptosis :-: Colorectal cancer","Mice",30460115,NA,2020-12-31,"FerrDb team"
"Ferroptosis","Ferroptosis :+: Traumatic brain injury","Human",30531185,NA,2020-12-31,"FerrDb team"
"Ferroptosis","Ferroptosis :+: Spinal cord injury","Rat",30539824,NA,2020-12-31,"FerrDb team"
"Ferroptosis","Ferroptosis :-: Colorectal cancer","Human",30524291,NA,2020-12-31,"FerrDb team"
"Ferroptosis","Ferroptosis :-: Liver fibrosis","Mice",30551460,NA,2020-12-31,"FerrDb team"
"Ferroptosis","Ferroptosis :-: Acute myeloid leukemia","Human",30557609,NA,2020-12-31,"FerrDb team"
"Ferroptosis","Ferroptosis :+: Friedreich's ataxia","Human",30635474,NA,2020-12-31,"FerrDb team"
"Ferroptosis","Ferroptosis :+: Alzheimer's disease","Human",30684867,NA,2020-12-31,"FerrDb team"
"Ferroptosis","Ferroptosis :+: Cardiomyopathy","Mice",30692261,NA,2020-12-31,"FerrDb team"
"Ferroptosis","Ferroptosis :+: Intestinal ischemia/reperfusion injury","Mice",30737476,NA,2020-12-31,"FerrDb team"
"Ferroptosis","Ferroptosis :-: Lung cancer","Human",30787392,NA,2020-12-31,"FerrDb team"
"Ferroptosis","Ferroptosis :+: Temporal lobe epilepsy","Rat",30899387,NA,2020-12-31,"FerrDb team"
"Ferroptosis","Ferroptosis :+: Stroke","Mice",31056284,NA,2020-12-31,"FerrDb team"
"Ferroptosis","Ferroptosis :+: Alcoholic steatohepatitis","Mice",31061954,NA,2020-12-31,"FerrDb team"
"Ferroptosis","Ferroptosis :-: Liver cancer","Human",31108460,NA,2020-12-31,"FerrDb team"
"Ferroptosis","Ferroptosis :+: Radiation-induced lung fibrosis","Mice",31160885,NA,2020-12-31,"FerrDb team"
"Ferroptosis","Ferroptosis :+: Heart failure","Rat",31196626,NA,2020-12-31,"FerrDb team"
"Ferroptosis","Ferroptosis :+: Alcoholic liver","Mice",31224575,"10.1093/cdn/nzz031.P06-056-19, pmid not accessible",2020-12-31,"FerrDb team"
"Ferroptosis","Ferroptosis :-: Acute myeloid leukemia","Human",31301767,NA,2020-12-31,"FerrDb team"
"Ferroptosis","Ferroptosis :+: Chronic obstructive pulmonary disease","Human, mice",31316058,NA,2020-12-31,"FerrDb team"
"Ferroptosis","Ferroptosis :+: Liver injury","Mice",31323261,NA,2020-12-31,"FerrDb team"
"Ferroptosis","Ferroptosis :-: Mesothelioma","Mice",31341276,NA,2020-12-31,"FerrDb team"
"Ferroptosis","Ferroptosis :+: Epilepsy","Mice",31379480,NA,2020-12-31,"FerrDb team"
"Ferroptosis","Ferroptosis :-: Breast cancer","Mice",31409375,NA,2020-12-31,"FerrDb team"
"Ferroptosis","Ferroptosis :+: Acute kidney injury","Mice",31437128,NA,2020-12-31,"FerrDb team"
"Ferroptosis","Ferroptosis :+: Intracerebral hemorrhage","Human, mice",31442590,NA,2020-12-31,"FerrDb team"
"Ferroptosis","Ferroptosis :-: Malignant mesothelioma","Human, rat",31442913,NA,2020-12-31,"FerrDb team"
"Ferroptosis","Ferroptosis :+: Parkinson's disease","Rat",31467572,NA,2020-12-31,"FerrDb team"
"Ferroptosis","Ferroptosis :+: Radiation-induced lung injury","Mice",31493867,NA,2020-12-31,"FerrDb team"
"Ferroptosis","Ferroptosis :-: Non-small-cell lung cancer","Human, mice",31541463,NA,2020-12-31,"FerrDb team"
"Ferroptosis","Ferroptosis :+: Nonalcoholic steatohepatitis","Mice",31610178,NA,2020-12-31,"FerrDb team"
"Ferroptosis","Ferroptosis :-: Adrenocortical carcinoma","Human",31611400,NA,2020-12-31,"FerrDb team"
"Ferroptosis","Ferroptosis :+: Oleic acid-induced acute lung injury","Mice",31646322,NA,2020-12-31,"FerrDb team"
"Ferroptosis","Ferroptosis :+: Morphine tolerance","Mice",31682397,NA,2020-12-31,"FerrDb team"
"Ferroptosis","Ferroptosis :+: Myocardial infarction","Mice",31685805,NA,2020-12-31,"FerrDb team"
"Ferroptosis","Ferroptosis :+: Renal ischemia/reperfusion injury","Mice",31694915,NA,2020-12-31,"FerrDb team"
"Ferroptosis","Ferroptosis :-: Esophageal squamous cell carcinoma","Human, mice",31701262,NA,2020-12-31,"FerrDb team"
"Ferroptosis","Ferroptosis :+: Pancreatic dysfunction","Mice",31735470,NA,2020-12-31,"FerrDb team"
"Ferroptosis","Ferroptosis :+: Myocardial infarction","Mice",31740582,NA,2020-12-31,"FerrDb team"
"Ferroptosis","Ferroptosis :+: Acute kidney injury","Mice",31767624,NA,2020-12-31,"FerrDb team"
"Ferroptosis","Ferroptosis :+: Liver injury","Mice",31767624,NA,2020-12-31,"FerrDb team"
"Ferroptosis","Ferroptosis :-: Glioma","Human",31789401,NA,2020-12-31,"FerrDb team"
"Ferroptosis","Ferroptosis :+: Diabetes myocardial ischemia/reperfusion injury","Rat",31809190,NA,2020-12-31,"FerrDb team"
"Ferroptosis","Ferroptosis :+: Con a-induced hepatitis","Human, mice",31877357,NA,2020-12-31,"FerrDb team"
"Ferroptosis","Ferroptosis :-: Pancreatic cancer","Mice",31894321,NA,2020-12-31,"FerrDb team"
"Ferroptosis","Ferroptosis :+: Preeclampsia","Rat",31926626,NA,2021-04-28,"FerrDb team"
"Ferroptosis","Ferroptosis :+: Osteoarthritis","Human, mice",33376672,NA,2021-05-10,"FerrDb team"
"Ferroptosis","Ferroptosis :+: Photoreceptor degeneration","Mice",33334878,NA,2021-06-19,"FerrDb team"
"Ferroptosis","Ferroptosis :+: Spinal cord injury","Mice",33333051,NA,2021-07-14,"FerrDb team"
"Ferroptosis","Ferroptosis :+: Early brain injury","Rat",33314758,NA,2021-07-16,"FerrDb team"
"Ferroptosis","Ferroptosis :+: Epileptic seizures","Mice",33362556,NA,2021-07-16,"FerrDb team"
"Ferroptosis","Ferroptosis :-: Small cell lung cancer","Human",33365082,NA,2021-07-28,"FerrDb team"
"Ferroptosis","Ferroptosis :-: Breast cancer","Human, mice",33229547,NA,2021-08-02,"FerrDb team"
"Ferroptosis","Ferroptosis :+: Acute kidney injury","Mice",33068011,NA,2021-08-04,"FerrDb team"
"Ferroptosis","Ferroptosis :-: Breast cancer","Human",33294119,NA,2021-08-06,"FerrDb team"
"Ferroptosis","Ferroptosis :-: Esophageal squamous cell carcinoma","Human, mice",33210267,NA,2021-08-06,"FerrDb team"
"Ferroptosis","Ferroptosis :-: Colorectal cancer","Human",33203867,NA,2021-08-06,"FerrDb team"
"Ferroptosis","Ferroptosis :+: Amyotrophic lateral sclerosis","Human",33312375,NA,2021-08-09,"FerrDb team"
"Ferroptosis","Ferroptosis :-: Prostate cancer","Human",33197601,NA,2021-08-09,"FerrDb team"
"Ferroptosis","Ferroptosis :+: Intervertebral disc degeneration","Human, mice",33166496,NA,2021-08-11,"FerrDb team"
"Ferroptosis","Ferroptosis :+: Friedreich's ataxia","Mice",33197769,NA,2021-08-18,"FerrDb team"
"Ferroptosis","Ferroptosis :+: Ischemia/reperfusion injury","Rat",33157209,NA,2021-08-21,"FerrDb team"
"Ferroptosis","Ferroptosis :+: Diabetic nephropathy","Human, mice",33152439,NA,2021-08-21,"FerrDb team"
"Ferroptosis","Ferroptosis :+: Cerebral ischemia-reperfusion injury","Gerbils",33127512,NA,2021-08-21,"FerrDb team"
"Ferroptosis","Ferroptosis :-: Sunitinib-resistant renal cell carcinoma","Human",33121039,NA,2021-08-23,"FerrDb team"
"Ferroptosis","Ferroptosis :-: Clear cell renal cell carcinoma","Human",33643820,NA,2021-09-03,"FerrDb team"
"Ferroptosis","Ferroptosis :+: Kidney injury","Mice",32979361,NA,2021-09-06,"FerrDb team"
"Ferroptosis","Ferroptosis :+: Diabetic nephropathy","Mice",32976829,NA,2021-09-06,"FerrDb team"
"Ferroptosis","Ferroptosis :+: Liver injury","Mice",32951003,NA,2021-09-10,"FerrDb team"
"Ferroptosis","Ferroptosis :+: Intestinal ischemia/reperfusion-induced acute lung injury","Mice",33014271,NA,2021-09-10,"FerrDb team"
"Ferroptosis","Ferroptosis :-: Liver fibrosis","Human",32947011,NA,2021-09-13,"FerrDb team"
"Ferroptosis","Ferroptosis :+: Intervertebral disc degeneration","Human, rat",32892384,NA,2021-09-17,"FerrDb team"
"Ferroptosis","Ferroptosis :+: Acute kidney failure","Mice",32861798,NA,2021-10-08,"FerrDb team"
"Ferroptosis","Ferroptosis :+: Acute kidney failure","Mice",32846217,NA,2021-10-11,"FerrDb team"
"Ferroptosis","Ferroptosis :-: Colorectal cancer","Human",32776663,NA,2021-10-11,"FerrDb team"
"Ferroptosis","Ferroptosis :-: Allergic airway inflammation","Mice",32759385,NA,2021-10-29,"FerrDb team"
"Ferroptosis","Ferroptosis :+: Atherosclerosis","Mice",32768568,NA,2021-10-26,"FerrDb team"
"Ferroptosis","Ferroptosis :-: Triple-negative breast cancer","Human",32937365,NA,2021-10-26,"FerrDb team"
"Ferroptosis","Ferroptosis :-: Gastric cancer","Human, mice",32726752,NA,2021-11-04,"FerrDb team"
"Ferroptosis","Ferroptosis :+: Obesity-induced liver and renal injury","Mice",32922599,NA,2021-11-04,"FerrDb team"
"Ferroptosis","Ferroptosis :+: Acute kidney injury","Mice",33364059,NA,2021-11-05,"FerrDb team"
"Ferroptosis","Ferroptosis :-: Hepatocellular carcinoma","Human, mice",32699265,NA,2021-11-09,"FerrDb team"
"Ferroptosis","Ferroptosis :-: Triple-negative breast cancer","Human",32696316,NA,2021-11-09,"FerrDb team"
"Ferroptosis","Ferroptosis :+: Hypoxic-ischemic brain damage","Rat",32679060,NA,2021-11-11,"FerrDb team"
"Ferroptosis","Ferroptosis :-: Prostate cancer","Human",32686647,NA,2021-11-12,"FerrDb team"
"Ferroptosis","Ferroptosis :-: Uterine serous carcinoma","Human",32782585,NA,2021-11-16,"FerrDb team"
"Ferroptosis","Ferroptosis :+: Myocardial injury","Rat",32621060,NA,2021-11-16,"FerrDb team"
"Ferroptosis","Ferroptosis :-: Colorectal cancer","Human",32621966,NA,2021-11-17,"FerrDb team"
"Ferroptosis","Ferroptosis :+: Acute lung injury","Mice",32601262,NA,2021-11-17,"FerrDb team"
"Ferroptosis","Ferroptosis :+: Acute kidney injury","Mice",32583428,NA,2021-11-18,"FerrDb team"
"Ferroptosis","Ferroptosis :+: Nonalcoholic steatohepatitis","Rat",32593899,NA,2021-11-18,"FerrDb team"
"Ferroptosis","Ferroptosis :+: Hypertensive brain damage","Rat",32564622,NA,2021-11-19,"FerrDb team"
"Ferroptosis","Ferroptosis :-: Prostate cancer","Human",32577235,NA,2021-11-21,"FerrDb team"
"Ferroptosis","Ferroptosis :-: Hepatocellular carcinoma","Human",32541921,NA,2021-11-21,"FerrDb team"
"Ferroptosis","Ferroptosis :+: Myocardial injury","Human",32535745,NA,2021-11-21,"FerrDb team"
"Ferroptosis","Ferroptosis :+: Ulcerative colitis","Mice",32540488,NA,2021-11-21,"FerrDb team"
"Ferroptosis","Ferroptosis :-: Acute myeloid leukemia","Human",32534056,NA,2021-11-25,"FerrDb team"
"Ferroptosis","Ferroptosis :-: Hepatocellular carcinoma","Human",32531676,NA,2021-11-25,"FerrDb team"
"Ferroptosis","Ferroptosis :+: Spinal cord injury","Rat",33335755,NA,2021-11-30,"FerrDb team"
"Ferroptosis","Ferroptosis :+: Spinal cord injury","Mice",32474063,NA,2021-11-30,"FerrDb team"
"Ferroptosis","Ferroptosis :+: Pulmonary fibrosis","Human, rat",32453709,NA,2021-12-01,"FerrDb team"
"Ferroptosis","Ferroptosis :+: Parkinson's disease","Human",32424108,NA,2021-12-01,"FerrDb team"
"Ferroptosis","Ferroptosis :+: Alcoholic liver disease","Human",32419644,NA,2021-12-01,"FerrDb team"
"Ferroptosis","Ferroptosis :-: Hepatocellular carcinoma","Human",32416440,NA,2021-12-01,"FerrDb team"
"Ferroptosis","Ferroptosis :+: Oligospermia","Mice",32416107,NA,2021-12-01,"FerrDb team"
"Ferroptosis","Ferroptosis :+: Acute kidney injury","Human, mice",32404875,NA,2021-12-02,"FerrDb team"
"Ferroptosis","Ferroptosis :+: Doxorubicin-induced cardiomyopathy","Mice",32376803,NA,2021-12-02,"FerrDb team"
"Ferroptosis","Ferroptosis :+: Myocardial cellular injury","Mice",32377745,"_NA_",2021-12-07,"FerrDb team"
"Ferroptosis","Ferroptosis :+: Cardiomyopathy","Mice",32349646,"_NA_",2021-12-09,"FerrDb team"
"Ferroptosis","Ferroptosis :-: Extrahepatic cholangiocarcinoma","Human",32891325,"_NA_",2021-12-09,"FerrDb team"
"Ferroptosis","Ferroptosis :+: Early brain injury","Rat",32314126,"Early brain injury (EBI) plays a key role in the poor prognoses of SAH (Subarachnoid hemorrhage).",2021-12-09,"FerrDb team"
"Ferroptosis","Ferroptosis :+: Parkinson’s disease","Human",32276028,"_NA_",2021-12-09,"FerrDb team"
"Ferroptosis","Ferroptosis :-: Colorectal cancer","Human",32308771,"_NA_",2021-12-09,"FerrDb team"
"Ferroptosis","Ferroptosis :+: Acute kidney injury","Rat",32219613,"_NA_",2021-12-16,"FerrDb team"
"Ferroptosis","Ferroptosis :+: Nonalcoholic steatohepatitis","Mice",32145145,"_NA_",2021-12-19,"FerrDb team"
"Ferroptosis","Ferroptosis :+: Acute lung injury","Mice",32203170,"_NA_",2021-12-19,"FerrDb team"
"Ferroptosis","Ferroptosis :+: Acute lung injury","Mice",32161620,"_NA_",2021-12-22,"FerrDb team"
"Ferroptosis","Ferroptosis :+: Acute pancreatitis","Mice",32115146,"_NA_",2021-12-22,"FerrDb team"
"Ferroptosis","Ferroptosis :+: Acute liver failure","Mice",32094346,"_NA_",2021-12-30,"FerrDb team"
"Ferroptosis","Ferroptosis :+: Ulcerative colitis","Human",32015337,"_NA_",2021-12-30,"FerrDb team"
"Ferroptosis","Ferroptosis :+: Ischemia reperfusion injury","Mice",32029897,"_NA_",2021-12-30,"FerrDb team"
"Ferroptosis","Ferroptosis :+: Acute kidney injury","Mice",31996668,"_NA_",2021-12-30,"FerrDb team"
"Ferroptosis","Ferroptosis :+: Kidney injury","Mice",32051732,"_NA_",2021-12-30,"FerrDb team"
"Ferroptosis","Ferroptosis :+: Diabetes mellitus myocardial ischemia/reperfusion injury","Rat",31809190,"_NA_",2022-01-07,"FerrDb team"
"Ferroptosis","Ferroptosis :+: Acute myocardial infarction","Mice",31740582,"_NA_",2022-01-07,"FerrDb team"
"Ferroptosis","Ferroptosis :+: Nonalcoholic steatohepatitis","Mice",31610178,"_NA_",2022-01-10,"FerrDb team"
"Ferroptosis","Ferroptosis :+: Sarcopenia","Mice",33390840,"_NA_",2022-01-19,"FerrDb team"
"Ferroptosis","Ferroptosis :+: Cisplatin-induced hearing loss","Mice",34302894,"_NA_",2022-01-26,"FerrDb team"
"Ferroptosis","Ferroptosis :+: Age-related cataracts","Human, mice",33722625,"_NA_",2022-01-26,"FerrDb team"
"Ferroptosis","Ferroptosis :+: Pulmonary fibrosis","Mice",34175430,"_NA_",2022-02-10,"FerrDb team"
"Ferroptosis","Ferroptosis :+: Diabetic renal tubular injury","Mice",33679620,"_NA_",2022-02-12,"FerrDb team"
"Ferroptosis","Ferroptosis :+: Amyotrophic lateral sclerosis","Human, mice",34145375,"_NA_",2022-02-21,"FerrDb team"
"Ferroptosis","Ferroptosis :+: Intestinal barrier injury","Rat",34257815,"_NA_",2022-02-23,"FerrDb team"
"Ferroptosis","Ferroptosis :+: Endometrial hyperplasia","Mice",33771639,"_NA_",2022-03-15,"FerrDb team"
"Ferroptosis","Ferroptosis :+: Fatty liver","gibel carp",33952209,"Bioinformatics methods are used.",2022-03-22,"FerrDb team"
"Ferroptosis","Ferroptosis :-: Prostate cancer","Human",33483372,"_NA_",2022-03-30,"FerrDb team"
"Ferroptosis","Ferroptosis :+: Diabetic atherosclerosis","Mice",34508760,"_NA_",2022-03-30,"FerrDb team"
"Ferroptosis","Ferroptosis :+: Autosomal dominant polycystic kidney disease","Mice",34716241,"_NA_",2022-03-31,"FerrDb team"
"Ferroptosis","Ferroptosis :-: Obesity","Mice",34441564,"_NA_",2022-04-25,"FerrDb team"
"Ferroptosis","Ferroptosis :+: Psoriatic inflammation","Human, mice",34707088,"_NA_",2022-04-25,"FerrDb team"
"Ferroptosis","Ferroptosis :+: Hyperoxic lung injury","Rat",34703276,"_NA_",2022-04-25,"FerrDb team"
"Ferroptosis","Ferroptosis :+: Experimental autoimmune hepatitis","Mice",34966478,"_NA_",2022-05-05,"FerrDb team"
"Ferroptosis","Ferroptosis :+: Alzheimer's disease","Mice",33398092,"_NA_",2022-05-12,"FerrDb team"
"Ferroptosis","Ferroptosis :+: Multiorgan dysfunction syndrome","Mice",35210435,"_NA_",2022-09-03,"FerrDb team"
"Ferroptosis","Ferroptosis :+: Acute liver injury","Mice",35347117,"_NA_",2022-09-21,"FerrDb team"
"Ferroptosis","Ferroptosis :+: Aortic dissection","Human, mice",35844806,"_NA_",2022-09-29,"FerrDb team"
"Ferroptosis","Ferroptosis :+: Sepsis-associated encephalopathy","Mice",35066511,"_NA_",2022-09-29,"FerrDb team"
"Ferroptosis","Ferroptosis :+: Multiple sclerosis","Mice",35676325,"_NA_",2022-09-29,"FerrDb team"
"Ferroptosis","Ferroptosis :+: Deep vein thrombosis","Rat",35717798,"_NA_",2022-09-29,"FerrDb team"
"Ferroptosis","Ferroptosis :-: Ocular defects","Zebrafish",35563172,"_NA_",2022-09-29,"FerrDb team"
"Ferroptosis","Ferroptosis :+: Intestinal injuries","Mice",35091109,"_NA_",2022-09-29,"FerrDb team"
"Ferroptosis","Ferroptosis :+: Hypoxic-ischemic brain damage","Rat",35182697,"_NA_",2022-10-04,"FerrDb team"
"Ferroptosis","Ferroptosis :+: Alzheimer's disease","Mice",34998934,"_NA_",2022-10-04,"FerrDb team"
"Ferroptosis","Ferroptosis :+: Brain injury","Carp",34905050,"_NA_",2022-10-12,"FerrDb team"
"Ferroptosis","Ferroptosis :+: Neurological sequelae in patients with cerebral malaria","Mice",35725567,"_NA_",2022-10-18,"FerrDb team"
"Ferroptosis","Ferroptosis :+: Traumatic brain injury","Mice",35728282,"_NA_",2022-10-18,"FerrDb team"
"Ferroptosis","Ferroptosis :+: Triptolide-induced cardiotoxicity","Human",35757509,"_NA_",2022-10-21,"FerrDb team"
"Ferroptosis","Ferroptosis :-: Colorectal cancer","Human",35993016,"_NA_",2022-10-21,"FerrDb team"
"Ferroptosis","Ferroptosis :+: Acute respiratory distress syndrome","Mice",35222419,"_NA_",2022-11-20,"FerrDb team"
"Ferroptosis","Ferroptosis :+: Acute-on-chronic liver failure","Mice",35480867,"_NA_",2022-11-21,"FerrDb team"
"Ferroptosis","Ferroptosis :+: Rhabdomyolysis","Mice",35243801,"_NA_",2022-11-25,"FerrDb team"
"Ferroptosis","Ferroptosis :+: White matter injury","Mice",35318305,"_NA_",2022-11-25,"FerrDb team"
"Ferroptosis","Ferroptosis :+: Experimental autoimmune prostatitis","Rat",35755168,"_NA_",2022-11-30,"FerrDb team"
"Ferroptosis","Ferroptosis :+: Renal interstitial inflammatio","Mice",35224007,"_NA_",2022-12-11,"FerrDb team"
"Ferroptosis","Ferroptosis :+: Kidney fibrosis","Mice",35224007,"_NA_",2022-12-11,"FerrDb team"
"Ferroptosis","Ferroptosis :+: Diabetic cardiomyopathy","Mice",35256941,"_NA_",2022-12-14,"FerrDb team"
"Ferroptosis","Ferroptosis :+: Osteoporosis","Mice",35638167,"_NA_",2022-12-14,"FerrDb team"
"Ferroptosis","Ferroptosis :+: Diabetes-associated cognitive dysfunction","Mice",35350885,"_NA_",2022-12-14,"FerrDb team"
"Ferroptosis","Ferroptosis :+: Cognitive deficits","Mice",35935755,"_NA_",2022-12-18,"FerrDb team"
"Ferroptosis","Ferroptosis :+: Systematic lupus erythematosus","Mice",35619279,"_NA_",2022-12-18,"FerrDb team"
"Ferroptosis","Ferroptosis :+: Pulmonary fibrosis","Mice",35237410,"_NA_",2022-12-18,"FerrDb team"
"Ferroptosis","Ferroptosis :+: Acute liver injury","Mice",35496274,"_NA_",2023-01-05,"FerrDb team"
"Ferroptosis","Ferroptosis :+: Otitis media","Mice",35449198,"_NA_",2023-01-05,"FerrDb team"
"Ferroptosis","Ferroptosis :+: Pancreatic β cells dysfunction","Mice, rat",35761309,"_NA_",2023-01-06,"FerrDb team"
"Ferroptosis","Ferroptosis :+: Cervical squamous cell carcinoma","Human",35422066,"_NA_",2023-01-11,"FerrDb team"
"Ferroptosis","Ferroptosis :+: Diabetic osteoporosis","Mice",35260560,"_NA_",2023-01-11,"FerrDb team"
"Ferroptosis","Ferroptosis :+: Radiation-induced lung injury","Mice",35220409,"_NA_",2023-02-21,"FerrDb team"
"Ferroptosis","Ferroptosis :+: Pulmonary Fibrosis","Human, mice",35058772,"_NA_",2023-03-08,"FerrDb team"
"Ferroptosis","Ferroptosis :+: Cerebral ischemia-reperfusion injury","Rat",36456793,"_NA_",2023-04-12,"FerrDb team"
"Ferroptosis","Ferroptosis :+: Tubular injury","Human, mice",36566913,"_NA_",2023-04-12,"FerrDb team"
"Ferroptosis","Ferroptosis :+: Viral Encephalitis","Human, mice",36507835,"_NA_",2023-04-19,"FerrDb team"
"Ferroptosis","Ferroptosis :+: Ulcerative colitis","Rat, mice",36509196,"_NA_",2023-07-12,"FerrDb team"
"Ferroptosis","Ferroptosis :+: Ulcerative colitis","Rat, mice",36509196,"_NA_",2023-07-21,"FerrDb team"
"Ferroptosis","Ferroptosis :-: Hepatocellular carcinoma","Mice",36442849,"_NA_",2023-07-21,"FerrDb team"
"Ferroptosis","Ferroptosis :+: Sepsis-associated encephalopathy","Mice",36401983,"_NA_",2023-07-25,"FerrDb team"
"Ferroptosis","Ferroptosis :+: Acute pancreatitis","Mice",36670963,"_NA_",2023-08-08,"FerrDb team"
"Ferroptosis","Ferroptosis :+: Chronic intermittent hypoxia-induced lung injury","Rat",36572881,"_NA_",2023-08-08,"FerrDb team"
"Ferroptosis","Ferroptosis :+: Pancreatic injury after acute liver failure","Mice",36543135,"_NA_",2023-08-08,"FerrDb team"
"Ferroptosis","Ferroptosis :+: Pulmonary fibrosis","Mice",36566325,"_NA_",2023-08-04,"FerrDb team"
"Ferroptosis","Ferroptosis :-: Glioma","Mice",36484954,"_NA_",2023-08-18,"FerrDb team"
"Ferroptosis","Ferroptosis :+: Endometriosis","Human",36547083,"_NA_",2023-07-21,"FerrDb team"
"Ferroptosis","Ferroptosis :+: Diabetic tubulopathy","Rat",36440653,"_NA_",2023-10-17,"FerrDb team"
"Ferroptosis","Ferroptosis :+: Hyperoxia-induced acute lung injury","Mice",36411467,"_NA_",2023-10-20,"FerrDb team"
"Ferroptosis","Ferroptosis :+: Liver fibrogenesis","Human, mice",36370962,"_NA_",2023-10-20,"FerrDb team"
"Ferroptosis","Ferroptosis :+: Hypoxic-ischemic brain injury","Rat",36184790,"_NA_",2023-10-07,"FerrDb team"
"Ferroptosis","Ferroptosis :+: Oligospermia","Mice",36309297,"_NA_",2023-10-24,"FerrDb team"
"Ferroptosis","Ferroptosis :+: Multiple sclerosis","Mice",36385152,"_NA_",2023-10-24,"FerrDb team"
"Ferroptosis","Ferroptosis :+: Myocardial infarction","Rat",36174419,"_NA_",2023-11-03,"FerrDb team"
"Ferroptosis","Ferroptosis :+: Sepsis-induced acute kidney injury","Mice",36067654,"_NA_",2023-11-03,"FerrDb team"
"Ferroptosis","Ferroptosis :+: Primary ovarian insufficiency","Human, mice",36198708,"_NA_",2023-11-17,"FerrDb team"
"Ferroptosis","Ferroptosis :+: Nonalcoholic steatohepatitis","Mice",36285301,"_NA_",2023-11-15,"FerrDb team"
"Ferroptosis","Ferroptosis :+: Repetitive mild traumatic brain injury","Mice",35836233,"_NA_",2024-01-05,"FerrDb team"
