"RCD","Molecule","Name","PubChem_CID","PMID","Remark","Latest_update","Data_source"
"Ferroptosis","Erastin","Erastin","11214940",22632970,NA,2020-12-31,"FerrDb team"
"Ferroptosis","Glutamate","Glutamate","_NA_",22632970,NA,2020-12-31,"FerrDb team"
"Ferroptosis","SAS","Sulfasalazine","5339",22632970,NA,2020-12-31,"FerrDb team"
"Ferroptosis","Sorafenib","Sorafenib","216239",23505071,NA,2020-12-31,"FerrDb team"
"Ferroptosis","Erastin","Erastin","11214940",24439385,NA,2020-12-31,"FerrDb team"
"Ferroptosis","RSL3","(1S,3R)-RSL3","1750826",24439385,NA,2020-12-31,"FerrDb team"
"Ferroptosis","Erastin","Erastin","11214940",24844246,NA,2020-12-31,"FerrDb team"
"Ferroptosis","Sorafenib","Sorafenib","216239",24844246,NA,2020-12-31,"FerrDb team"
"Ferroptosis","Sorafenib","Sorafenib","216239",25368241,NA,2020-12-31,"FerrDb team"
"Ferroptosis","APAP","Acetaminophen","1983",25962350,NA,2020-12-31,"FerrDb team"
"Ferroptosis","ART","Artesunate","6917864",26097885,NA,2020-12-31,"FerrDb team"
"Ferroptosis","Artemisinin","Qinghaosu","68827",26407947,NA,2020-12-31,"FerrDb team"
"Ferroptosis","Artenimol","Artenimol","3000518",26407947,NA,2020-12-31,"FerrDb team"
"Ferroptosis","FINO2","1,2-dioxolane","138198",26797166,NA,2020-12-31,"FerrDb team"
"Ferroptosis","ART","Artesunate","6917864",26878598,NA,2020-12-31,"FerrDb team"
"Ferroptosis","CN-A","Cotylenin A","5477444",27375275,NA,2020-12-31,"FerrDb team"
"Ferroptosis","PEITC","Phenethyl isothiocyanate","16741",27375275,NA,2020-12-31,"FerrDb team"
"Ferroptosis","Siramesine","Siramesine","9829526",27441659,NA,2020-12-31,"FerrDb team"
"Ferroptosis","Lapatinib","Lapatinib","208908",27441659,NA,2020-12-31,"FerrDb team"
"Ferroptosis","DHA","Dihydroartemisinin","3000518",27477901,NA,2020-12-31,"FerrDb team"
"Ferroptosis","MPP+","1-methyl-4-phenylpyridinium","39484",28250973,NA,2020-12-31,"FerrDb team"
"Ferroptosis","Haloperidol","Haloperidol","3559",28756230,NA,2020-12-31,"FerrDb team"
"Ferroptosis","Siramesine","Siramesine","9829526",28827805,NA,2020-12-31,"FerrDb team"
"Ferroptosis","Lapatinib","Lapatinib","208908",28827805,NA,2020-12-31,"FerrDb team"
"Ferroptosis","Salinomycin","Salinomycin","3085092",28937680,NA,2020-12-31,"FerrDb team"
"Ferroptosis","Piperlongumine","Piperlongumine","637858",29393418,NA,2020-12-31,"FerrDb team"
"Ferroptosis","FINO2","1,2-dioxolane","138198",29610484,NA,2020-12-31,"FerrDb team"
"Ferroptosis","PAB","Pseudolaric acid B","71307573",29702192,NA,2020-12-31,"FerrDb team"
"Ferroptosis","D13","Albiziabioside A derivative D13","_NA_",30142612,NA,2020-12-31,"FerrDb team"
"Ferroptosis","Epunctanone","Epunctanone","_NA_",30195869,NA,2020-12-31,"FerrDb team"
"Ferroptosis","SRS 16-86","SRS 16-86","_NA_",30352209,NA,2020-12-31,"FerrDb team"
"Ferroptosis","RSL3","(1S,3R)-RSL3","1750826",30524291,NA,2020-12-31,"FerrDb team"
"Ferroptosis","ART","Artesunate","6917864",30551460,NA,2020-12-31,"FerrDb team"
"Ferroptosis","DHA","Dihydroartemisinin","3000518",30557609,NA,2020-12-31,"FerrDb team"
"Ferroptosis","IKE","Imidazole ketone erastin","91824786",30799221,NA,2020-12-31,"FerrDb team"
"Ferroptosis","Ferroptocide","Ferroptocide","137530033",31086302,NA,2020-12-31,"FerrDb team"
"Ferroptosis","DHA","Dihydroartemisinin","3000518",31114026,NA,2020-12-31,"FerrDb team"
"Ferroptosis","SAS","Sulfasalazine","5339",31173262,NA,2020-12-31,"FerrDb team"
"Ferroptosis","Typhaneoside","Typhaneoside","6326228",31301767,NA,2020-12-31,"FerrDb team"
"Ferroptosis","Neratinib","Neratinib","9915743",31409375,NA,2020-12-31,"FerrDb team"
"Ferroptosis","MNPE","1-Methylnaphthalene-4-propionate endoperoxide","13640687",31445701,NA,2020-12-31,"FerrDb team"
"Ferroptosis","GA","Gallic acid","370",31455047,NA,2020-12-31,"FerrDb team"
"Ferroptosis","DHA","Dihydroartemisinin","3000518",31519193,NA,2020-12-31,"FerrDb team"
"Ferroptosis","ART","Artesunate","6917864",31537387,NA,2020-12-31,"FerrDb team"
"Ferroptosis","APAP","Acetaminophen","1983",31541463,NA,2020-12-31,"FerrDb team"
"Ferroptosis","D-2-HG","D-2-hydroxyglutarate","439391",31591388,NA,2020-12-31,"FerrDb team"
"Ferroptosis","PG","8-O-beta-glucopyranoside","101159014",31606381,"Article retraction",2020-12-31,"FerrDb team"
"Ferroptosis","Siramesine","Siramesine","9829526",31636810,NA,2020-12-31,"FerrDb team"
"Ferroptosis","Lapatinib","Lapatinib","208908",31636810,NA,2020-12-31,"FerrDb team"
"Ferroptosis","DT","Dihydroisotanshinone I","89406",31736748,NA,2020-12-31,"FerrDb team"
"Ferroptosis","Acrolein","Acrolein","7847",31887216,NA,2020-12-31,"FerrDb team"
"Ferroptosis","Ruscogenin","Ruscogenin","441893",31894321,NA,2020-12-31,"FerrDb team"
"Ferroptosis","Erastin","Erastin","11214940",31897145,NA,2020-12-31,"FerrDb team"
"Ferroptosis","Sorafenib","Sorafenib","216239",31897145,NA,2021-04-08,"FerrDb team"
"Ferroptosis","Artemisinin","Artemisinin","103905865",33359684,NA,2021-04-10,"FerrDb team"
"Ferroptosis","FAC","Ferric ammonium citrate","14457",33376672,NA,2021-04-24,"FerrDb team"
"Ferroptosis","AA","Arachidonic acid","444899",33288688,NA,2021-04-30,"FerrDb team"
"Ferroptosis","Quisinostat","Quisinostat","11538455",33290780,NA,2021-05-03,"FerrDb team"
"Ferroptosis","Formaldehyde","Formaldehyde","712",33259821,NA,2021-05-09,"FerrDb team"
"Ferroptosis","SFN","Sulforaphane","5350",33365082,NA,2021-05-18,"FerrDb team"
"Ferroptosis","SCHL","soyauxinium chloride","_NA_",33245930,NA,2021-05-26,"FerrDb team"
"Ferroptosis","DEHP","di (2-ethylhexyl) phthalate","7057919",33272674,NA,2021-06-01,"FerrDb team"
"Ferroptosis","Curcumin","Curcumin","969516",33294119,NA,2021-06-07,"FerrDb team"
"Ferroptosis","5-ALA","5-aminolevulinic acid","137",33210267,NA,2021-06-14,"FerrDb team"
"Ferroptosis","cholesterol","cholesterol","5997",33208460,NA,2021-06-19,"FerrDb team"
"Ferroptosis","TalaA","talaroconvolutin A","6475761",33203867,NA,2021-06-23,"FerrDb team"
"Ferroptosis","Flubendazole","Flubendazole","35802",33197601,NA,2021-06-30,"FerrDb team"
"Ferroptosis","6-Gingerol","6-Gingerol","442793",33281606,NA,2021-07-04,"FerrDb team"
"Ferroptosis","Butyrate","Butyrate","104775",33298848,NA,2021-07-08,"FerrDb team"
"Ferroptosis","DCA","dichloroacetate","25975",33166055,NA,2021-07-16,"FerrDb team"
"Ferroptosis","Sorafenib","Sorafenib","216239",33162029,NA,2021-07-20,"FerrDb team"
"Ferroptosis","FIPC-1","Ferroptosis Inducing Peroxide for Chemoproteomics-1",NA,33124817,NA,2021-07-29,"FerrDb team"
"Ferroptosis","PACMA31","PACMA31","66555902",33124817,NA,2021-08-05,"FerrDb team"
"Ferroptosis","DHA","Dihydroartemisinin","3000518",33149601,NA,2021-08-13,"FerrDb team"
"Ferroptosis","ART","Artesunate","6917864",33121039,NA,2021-08-20,"FerrDb team"
"Ferroptosis","Disulfiram","Disulfiram","3117",33116640,NA,2021-08-27,"FerrDb team"
"Ferroptosis","Andrographis","Andrographis","5318517",32835374,NA,2021-08-30,"FerrDb team"
"Ferroptosis","Ginkgetin","Ginkgetin","5271805",33113504,NA,2021-08-30,"FerrDb team"
"Ferroptosis","H2O2","Hydrogen peroxide","784",33017631,NA,2021-09-01,"FerrDb team"
"Ferroptosis","TCBQ","Tetrachlorobenzoquinone",NA,33017703,NA,2021-09-06,"FerrDb team"
"Ferroptosis","Itraconazole","Itraconazole","55283",32951314,NA,2021-09-10,"FerrDb team"
"Ferroptosis","ART","Artemether","68911",32947011,NA,2021-09-13,"FerrDb team"
"Ferroptosis","Hcy","Homocysteine","91552",32896601,NA,2021-09-17,"FerrDb team"
"Ferroptosis","ART","Artesunate","6917864",32957040,NA,2021-09-17,"FerrDb team"
"Ferroptosis","decitabine","decitabine","451668",32984038,NA,2021-09-26,"FerrDb team"
"Ferroptosis","Ori","Oridonin","5321010",32869425,NA,2021-09-27,"FerrDb team"
"Ferroptosis","MI‑463","menin‑MLL inhibitor MI‑463",NA,32945449,NA,2021-09-27,"FerrDb team"
"Ferroptosis","SRT1720","SRT1720","25232708",32896720,NA,2021-09-27,"FerrDb team"
"Ferroptosis","resveratrol","resveratrol","445154",32896720,NA,2021-09-27,"FerrDb team"
"Ferroptosis","QD394","QD394","_NA_",32809827,NA,2021-10-08,"FerrDb team"
"Ferroptosis","QD394-Me","QD394-Me","_NA_",32809827,NA,2021-10-08,"FerrDb team"
"Ferroptosis","Tan IIA","Tanshinone IIA","164676",32776119,NA,2021-10-08,"FerrDb team"
"Ferroptosis","Doranidazole","Doranidazole","164486",32807853,NA,2021-10-13,"FerrDb team"
"Ferroptosis","Misonidazole","Misonidazole","26105",32807853,NA,2021-10-13,"FerrDb team"
"Ferroptosis","FTY720","fingolimod","107970",32810509,NA,2021-10-14,"FerrDb team"
"Ferroptosis","SS","sodium selenite","24934",32805675,NA,2021-10-14,"FerrDb team"
"Ferroptosis","DHI","Dihydrotanshinone I","11425923",32863935,NA,2021-10-14,"FerrDb team"
"Ferroptosis","6-OHDA","6-hydroxydopamine","4624",32770451,NA,2021-10-15,"FerrDb team"
"Ferroptosis","Chrysophanol","Chrysophanol","10208",32811746,NA,2021-10-17,"FerrDb team"
"Ferroptosis","Irisin","Irisin","381127532",32953980,NA,2021-10-28,"FerrDb team"
"Ferroptosis","AUR","Auranofin","24199313",32732975,NA,2021-11-04,"FerrDb team"
"Ferroptosis","FC","Formosanin C","21603986",32751249,NA,2021-11-04,"FerrDb team"
"Ferroptosis","7J","quinazolinyl-arylurea derivatives 7J","_NA_",32827851,NA,2021-11-05,"FerrDb team"
"Ferroptosis","DGLA","dihomogammalinolenic acid","5280581",32652074,NA,2021-11-11,"FerrDb team"
"Ferroptosis","SAS","Sulfasalazine","5339",32782585,NA,2021-11-16,"FerrDb team"
"Ferroptosis","DHA","Dihydroartemisinin","3000518",32452511,NA,2021-11-17,"FerrDb team"
"Ferroptosis","Arsenic","Arsenic","5359596",32593899,NA,2021-11-18,"FerrDb team"
"Ferroptosis","NaAsO2","Sodium arsenite","443495",32593899,NA,2021-11-18,"FerrDb team"
"Ferroptosis","JQ1","JQ1","46907787",32536370,NA,2021-11-21,"FerrDb team"
"Ferroptosis","I-BET151","I-BET151","52912189",32536370,NA,2021-11-21,"FerrDb team"
"Ferroptosis","GNA","Gambogenic Acid","10794070",32533954,NA,2021-11-25,"FerrDb team"
"Ferroptosis","Solasonine","Solasonine","119247",32531676,NA,2021-11-25,"FerrDb team"
"Ferroptosis","Aridanin","Aridanin","73146",32559584,NA,2021-11-25,"FerrDb team"
"Ferroptosis","ATPR","all-trans retinoic acid derivative",NA,32534056,NA,2021-11-26,"FerrDb team"
"Ferroptosis","SAS","Sulfasalazine","5339",32685019,NA,2021-11-20,"FerrDb team"
"Ferroptosis","H2O2","Hydrogen peroxide","784",33335755,NA,2021-11-30,"FerrDb team"
"Ferroptosis","Rapamycin","Rapamycin","71308609",32457486,NA,2021-11-30,"FerrDb team"
"Ferroptosis","Salinomycin","Salinomycin","3085092",32083771,NA,2021-12-01,"FerrDb team"
"Ferroptosis","AUR","Auranofin","24199313",32416440,NA,2021-12-01,"FerrDb team"
"Ferroptosis","Erastin","Erastin","11214940",32416440,NA,2021-12-01,"FerrDb team"
"Ferroptosis","BSO","buthionine sulfoxime","119565",32416440,NA,2021-12-01,"FerrDb team"
"Ferroptosis","RSL3","(1S,3R)-RSL3","1750826",32416440,NA,2021-12-01,"FerrDb team"
"Ferroptosis","busulfan","busulfan","2478",32416107,NA,2021-12-01,"FerrDb team"
"Ferroptosis","Erianin","Erianin","11214940",32382060,NA,2021-12-02,"FerrDb team"
"Ferroptosis","DOX","Doxorubicin","31703",32376803,NA,2021-12-02,"FerrDb team"
"Ferroptosis","KA","Kainic acid","10255",32327603,"_NA_",2021-12-09,"FerrDb team"
"Ferroptosis","ART","Artesunate","6917864",32283634,"_NA_",2021-12-09,"FerrDb team"
"Ferroptosis","β-elemene","beta-Elemene","6918391",32308771,"Combinative treatment with cetuximab.",2021-12-09,"FerrDb team"
"Ferroptosis","PEITC","β-Phenethyl isothiocyanate","16741",32322335,"_NA_",2021-12-15,"FerrDb team"
"Ferroptosis","IMCA","2-imino-6-methoxy-2H-chromene-3-carbothioamide","828049",32322334,"A benzopyran derivative.",2021-12-15,"FerrDb team"
"Ferroptosis","Vorinostat","Vorinostat","5311",32235498,"Combined with SASP.",2021-12-16,"FerrDb team"
"Ferroptosis","ML210","[4-[Bis(4-chlorophenyl)methyl]-1-piperazinyl]-(5-methyl-4-nitro-3-isoxazolyl)methanone","49766530",32231343,"No specific instructions.",2021-12-16,"FerrDb team"
"Ferroptosis","FAC","Ferric ammonium citrate","14457",32217194,"_NA_",2021-12-17,"FerrDb team"
"Ferroptosis","ACP","Actinidia chinensis Planch","_NA_",32203890,"Traditional Chinise medicine",2021-12-17,"FerrDb team"
"Ferroptosis","Zalcitabine","Zalcitabine","24066",32186434,"_NA_",2021-12-19,"FerrDb team"
"Ferroptosis","D-gal","D-Galactose","6036",32112499,"_NA_",2021-12-20,"FerrDb team"
"Ferroptosis","Vitamin C","Ascorbic acid","54670067",32183295,"_NA_",2021-12-20,"FerrDb team"
"Ferroptosis","NaAsO2","Sodium arsenite","443495",32151864,"_NA_",2021-12-20,"FerrDb team"
"Ferroptosis","PEITC","Phenethyl isothiocyanate","16741",32132657,"_NA_",2021-12-22,"FerrDb team"
"Ferroptosis","Nitroprusside","Sodium nitroprusside","11953895",32122653,"_NA_",2021-12-22,"FerrDb team"
"Ferroptosis","LPS","Lipopolysaccharide","11970143",32161620,"_NA_",2021-12-22,"FerrDb team"
"Ferroptosis","APAP","Acetaminophen","1983",32094346,"_NA_",2021-12-30,"FerrDb team"
"Ferroptosis","AF","Amentoflavone","5281600",32057904,"_NA_",2021-12-30,"FerrDb team"
"Ferroptosis","Furosine","Furosine","92043346",32155537,"_NA_",2021-12-30,"FerrDb team"
"Ferroptosis","Acrolein","Acrolein","7847",31975626,"_NA_",2021-12-30,"FerrDb team"
"Ferroptosis","Methyl vinyl ketone","Methyl vinyl ketone","6570",31975626,"_NA_",2021-12-30,"FerrDb team"
"Ferroptosis","Sodium Chlorate","Sodium Chlorate","516902",31935947,"_NA_",2021-12-30,"FerrDb team"
"Ferroptosis","β-d-Xyloside","4-methylumbelliferyl-β-d-xylopyranoside","92229",31935947,"_NA_",2021-12-30,"FerrDb team"
"Ferroptosis","H2O2","Hydrogen peroxide","784",32115506,"_NA_",2022-01-07,"FerrDb team"
"Ferroptosis","Ibuprofen","Ibuprofen","3672",31490283,"_NA_",2022-01-07,"FerrDb team"
"Ferroptosis","CH","Cumene hydroperoxide","6629",31901729,"_NA_",2022-01-07,"FerrDb team"
"Ferroptosis","ALZ003","ALZ003","_NA_",31896509,"A curcumin analog.",2022-01-07,"FerrDb team"
"Ferroptosis","Ruscogenin","Ruscogenin","441893",31894321,"_NA_",2022-01-07,"FerrDb team"
"Ferroptosis","Sorafenib","Sorafenib","216239",31679460,"_NA_",2022-01-07,"FerrDb team"
"Ferroptosis","Arsenic","Arsenic","5359596",31735470,"_NA_",2022-01-10,"FerrDb team"
"Ferroptosis","NaAsO2","Sodium arsenite","443495",31735470,"_NA_",2022-01-10,"FerrDb team"
"Ferroptosis","APAP","Acetaminophen","1983",31541463,"_NA_",2022-01-10,"FerrDb team"
"Ferroptosis","DHA","Dihydroartemisinin","3000518",31114026,"_NA_",2022-01-10,"FerrDb team"
"Ferroptosis","Artemisinin","Artemisinin","68827",31114026,"_NA_",2022-01-10,"FerrDb team"
"Ferroptosis","DMOCPTL","DMOCPTL","_NA_",33472669,"A derivative of natural product parthenolide.",2022-01-19,"FerrDb team"
"Ferroptosis","ferric citrate","ferric citrate","61300",33390840,"_NA_",2022-01-19,"FerrDb team"
"Ferroptosis","Quercetin","Quercetin","5280343",33347603,"_NA_",2022-01-19,"FerrDb team"
"Ferroptosis","EF24","3,5-bis((E)-2-fluorobenzylidene)piperidin-4-one hydrochloride","70674488",33453607,"A synthetic analogue of curcumin.",2022-01-19,"FerrDb team"
"Ferroptosis","Cis","Cisplatin","5702198",34302894,"_NA_",2022-01-26,"FerrDb team"
"Ferroptosis","Curcumin","Curcumin","969516",33656766,"_NA_",2022-02-10,"FerrDb team"
"Ferroptosis","NaAsO2","Sodium arsenite","443495",33722599,"_NA_",2022-02-10,"FerrDb team"
"Ferroptosis","BLM","bleomycin","5460769",34175430,"_NA_",2022-02-10,"FerrDb team"
"Ferroptosis","MPP+","1-methyl-4-phenylpyridinium","39484",33737050,"_NA_",2022-02-10,"FerrDb team"
"Ferroptosis","Temozolomide","Temozolomide","5394",34427071,"_NA_",2022-02-10,"FerrDb team"
"Ferroptosis","Metformin","Metformin","4091",34162423,"_NA_",2022-02-12,"FerrDb team"
"Ferroptosis","Arginine","Arginine","6322",34162423,"_NA_",2022-02-12,"FerrDb team"
"Ferroptosis","PQ","Paraquat","15939",34394837,"_NA_",2022-02-21,"FerrDb team"
"Ferroptosis","AA","Aristolochic acid","2236",34673015,"_NA_",2022-02-23,"FerrDb team"
"Ferroptosis","ALI","Aristolactam I","96710",34673015,"A nephrotoxic metabolite of AAI.",2022-02-23,"FerrDb team"
"Ferroptosis","ITC-ARi 13","isothiocyanate-containing hybrid AR antagonist","_NA_",33470049,"Combined with BSO to induce ferroptosis.",2022-02-24,"FerrDb team"
"Ferroptosis","BSO","Sulfoximine","21116448",33470049,"Combined with ITC-ARi 13 to induce ferroptosis.",2022-02-24,"FerrDb team"
"Ferroptosis","T-2 toxin","T-2 toxin","5284461",34918923,"_NA_",2022-02-24,"FerrDb team"
"Ferroptosis","Apatinib","Apatinib","11315474",33544270,"_NA_",2022-02-24,"FerrDb team"
"Ferroptosis","Metformin","Metformin","4091",33522578,"_NA_",2022-02-24,"FerrDb team"
"Ferroptosis","Ferrous sulfate","Ferrous sulfate","24393",34747604,"_NA_",2022-02-24,"FerrDb team"
"Ferroptosis","ZINC","ZINC","23994",34922903,"_NA_",2022-02-24,"FerrDb team"
"Ferroptosis","DT","Dihydroisotanshinone I","89406",33862493,"_NA_",2022-03-02,"FerrDb team"
"Ferroptosis","CCCP","carbonyl cyanide-m-chlorophenyl-hydrazine","2603",33594527,"A mitophagy agonist.",2022-03-02,"FerrDb team"
"Ferroptosis","LPS","Lipopolysaccharide","11970143",33774026,"_NA_",2022-03-02,"FerrDb team"
"Ferroptosis","NaIO3","Sodium iodate","23675764",33895485,"_NA_",2022-03-02,"FerrDb team"
"Ferroptosis","glucose","glucose","5793",33565572,"High glucose(25 mM) could induce ferroptosis.",2022-03-02,"FerrDb team"
"Ferroptosis","MC-LR","Microcystin-LR","445434",34365207,"_NA_",2022-03-02,"FerrDb team"
"Ferroptosis","DHA","Dihydroartemisinin","3000518",34558645,"_NA_",2022-03-02,"FerrDb team"
"Ferroptosis","NaIO3","Sodium iodate","23675764",33658488,"_NA_",2022-03-02,"FerrDb team"
"Ferroptosis","Orlistat","Orlistat","3034010",34085184,"Orlistat induces ferroptosis-like cell death.",2022-03-02,"FerrDb team"
"Ferroptosis","Cd","Cadmium","23973",34520822,"_NA_",2022-03-02,"FerrDb team"
"Ferroptosis","Vitamin C","Ascorbic acid","54670067",33714759,"Also known as ascorbic acid.",2022-03-02,"FerrDb team"
"Ferroptosis","olaparib","olaparib","23725625",33722571,"_NA_",2022-03-02,"FerrDb team"
"Ferroptosis","Cd","Cadmium","23973",34610361,"_NA_",2022-03-02,"FerrDb team"
"Ferroptosis","MPP+","Cyperquat","39484",33634378,"_NA_",2022-03-02,"FerrDb team"
"Ferroptosis","Ketamine","Ketamine","3821",34800882,"_NA_",2022-03-02,"FerrDb team"
"Ferroptosis","Cd","Cadmium","23973",34558789,"_NA_",2022-03-03,"FerrDb team"
"Ferroptosis","Everolimus","Everolimus","6442177",34648917,"_NA_",2022-03-08,"FerrDb team"
"Ferroptosis","Tan IIA","Tanshinone IIA","164676",34661962,"_NA_",2022-03-08,"FerrDb team"
"Ferroptosis","GA","18b-Glycyrrhetic acid","9897771",34271106,"An active compound from medicinal herbal Licorice.",2022-03-08,"FerrDb team"
"Ferroptosis","TPZ","Tirapazamine","135413511",34147710,"_NA_",2022-03-09,"FerrDb team"
"Ferroptosis","PRLX93936","PRLX93936","11559627",34237431,"An analog of erastin.",2022-03-09,"FerrDb team"
"Ferroptosis","Cis","Cisplatin","5702198",34237431,"_NA_",2022-03-09,"FerrDb team"
"Ferroptosis","Chrysin","Chrysin","5281607",34673014,"_NA_",2022-03-09,"FerrDb team"
"Ferroptosis","gem","gemcitabine","60750",34673014,"_NA_",2022-03-09,"FerrDb team"
"Ferroptosis","Auriculasin","Auriculasin","5358846",34872005,NA,2022-03-16,"FerrDb team"
"Ferroptosis","Shuganning injection","Shuganning injection","_NA_",33827043,"A traditional Chinese patent medicine, which is composed of 4 herbal extracts, including Ganoderma Lucidum, Isatidis Radix, Gardeniae Fructus, Artemisiae Scopariae Herba, and a flavone glycoside baicalin.",2022-03-15,"FerrDb team"
"Ferroptosis","PAL","Ringer's lactate","6335487",33940548,"_NA_",2022-03-15,"FerrDb team"
"Ferroptosis","Guizhi Fuling Capsule","Guizhi Fuling Capsule","_NA_",33771639,"A classical traditional Chinese medicine. This formulation consists of five mainly herbs including Cinnamomum cassia Presl (Cinnamomi Ramulus), Poria cocos (Schw.) Wolf (Poria), Paeonia suffruticosa Andr. (Moutan Cortex), Paeonia lactiflora Pall (Paeoniae Radix Alba), and Prunus persica (L.). Batsch (Persicae Semen).",2022-03-15,"FerrDb team"
"Ferroptosis","27HC","27-Hydroxycholesterol","123976",34429409,"_NA_",2022-03-15,"FerrDb team"
"Ferroptosis","Juglone","Juglone","3806",34100505,"_NA_",2022-03-15,"FerrDb team"
"Ferroptosis","ent-Kaurane diterpenoids","11β-hydroxy-ent-16-kaurene-15-one","_NA_",33905957,"A ent-kaurane diterpenoid isolated from Chinese liverworts Jungermannia tetragona Lindenb.",2022-03-15,"FerrDb team"
"Ferroptosis","Auriculasin","Auriculasin","5358846",34872005,"_NA_",2022-03-16,"FerrDb team"
"Ferroptosis","OA","Oleanolic acid","10494",33548628,"_NA_",2022-03-16,"FerrDb team"
"Ferroptosis","HD","hydnocarpin D","11431204",33926261,"_NA_",2022-03-20,"FerrDb team"
"Ferroptosis","FK228","Romidepsin","5352062",34600336,"_NA_",2022-03-21,"FerrDb team"
"Ferroptosis","Andrographis","Andrographis","5318517",33824419,"_NA_",2022-03-21,"FerrDb team"
"Ferroptosis","RF-A","robustaflavone A","_NA_",33639365,"A C-3′-C-6″ biflavonoid isolated from Selaginella trichoclada.",2022-03-21,"FerrDb team"
"Ferroptosis","PunA","Punicic Acid","5281126",34444911,"_NA_",2022-03-21,"FerrDb team"
"Ferroptosis","DM10","1,1′-(Decane-1,10-diyl)bis(5-fluoroindoline-2,3-dione)","_NA_",33495517,"A bis-isatin derivative.",2022-03-21,"FerrDb team"
"Ferroptosis","(R)-DCPP","Dichlorprop-P","119435",34196530,"A chiral herbicide, tested in A. thaliana.",2022-03-22,"FerrDb team"
"Ferroptosis","Alumina","Alumina","14769",33858114,"_NA_",2022-03-22,"FerrDb team"
"Ferroptosis","R4–6A2","R4–6A2","_NA_",33858114,"IFN-γ neutralizing antibody.",2022-03-22,"FerrDb team"
"Ferroptosis","DOX","Doxorubicin","31703",34296293,"_NA_",2022-03-22,"FerrDb team"
"Ferroptosis","Nortriptyline hydrochloride","Nortriptyline hydrochloride","441358",34609966,"_NA_",2022-03-30,"FerrDb team"
"Ferroptosis","Dioscin","Dioscin","119245",33878610,"_NA_",2022-03-30,"FerrDb team"
"Ferroptosis","m6A","N6-methyladenosine","102175",34607160,"Inhibition of m6A modification confers resistance to HSC ferroptosis.",2022-03-30,"FerrDb team"
"Ferroptosis","DMF","Dimethyl fumarate","637568",33876201,"_NA_",2022-03-30,"FerrDb team"
"Ferroptosis","DHA","Dihydroartemisinin","3000518",34262021,"DHA exhibits synergistic therapeutic efficacy with cisplatin.",2022-03-30,"FerrDb team"
"Ferroptosis","Cis","Cisplatin","5702198",34262021,"Cisplatin exhibits synergistic therapeutic efficacy with DHA.",2022-03-30,"FerrDb team"
"Ferroptosis","Flubendazole","Flubendazole","35802",33197601,"_NA_",2022-03-30,"FerrDb team"
"Ferroptosis","Disulfiram","Disulfiram","3117",34482117,"_NA_",2022-03-30,"FerrDb team"
"Ferroptosis","CuB","cucurbitacin B","5281316",33664249,"_NA_",2022-03-30,"FerrDb team"
"Ferroptosis","αESA","alpha-Eleostearic acid","5281115",33854057,"_NA_",2022-03-30,"FerrDb team"
"Ferroptosis","BEBT-908","BEBT-908","59474330",34711611,"A dual-targeting PI3K and HDAC inhibitor.",2022-03-30,"FerrDb team"
"Ferroptosis","Heteronemin","Heteronemin","21589810",33488943,"_NA_",2022-03-30,"FerrDb team"
"Ferroptosis","ZVI-NP","zero-valent-iron nanoparticle","_NA_",34093872,"_NA_",2022-03-31,"FerrDb team"
"Ferroptosis","Testosterone","Testosterone","6013",34645612,"Supraphysiologic levels of testosterone.",2022-03-31,"FerrDb team"
"Ferroptosis","Withaferin A","Withaferin A","265237",34884535,"_NA_",2022-03-31,"FerrDb team"
"Ferroptosis","Cis","Cisplatin","5702198",33781830,"_NA_",2022-04-06,"FerrDb team"
"Ferroptosis","rapa","rapamycin","5284616",34869326,"_NA_",2022-04-07,"FerrDb team"
"Ferroptosis","polyphyllin III","polyphyllin III","101377611",34040532,"_NA_",2022-04-07,"FerrDb team"
"Ferroptosis","APAP","Acetaminophen","1983",34401974,"_NA_",2022-04-07,"FerrDb team"
"Ferroptosis","Apatinib","Apatinib","11315474",33603479,"_NA_",2022-04-07,"FerrDb team"
"Ferroptosis","Levobupivacaine","Levobupivacaine","92253",34177591,"_NA_",2022-04-07,"FerrDb team"
"Ferroptosis","Sorafenib","Sorafenib","216239",34811833,"_NA_",2022-04-08,"FerrDb team"
"Ferroptosis","PdtaA","2-pyridylhydrazone dithiocarbamate s-acetic acid","_NA_",34917147,"_NA_",2022-04-08,"FerrDb team"
"Ferroptosis","Acrolein","Acrolein","7847",34813903,"_NA_",2022-04-10,"FerrDb team"
"Ferroptosis","Itaconic acid","Itaconic acid","811",34735880,"_NA_",2022-04-10,"FerrDb team"
"Ferroptosis","Hepcidin","Hepcidin","139033195",34987706,"_NA_",2022-04-10,"FerrDb team"
"Ferroptosis","20-HETE","20-Hydroxyeicosatetraenoic acid","5283157",34867747,"An arachidonic acid metabolite.",2022-04-11,"FerrDb team"
"Ferroptosis","FIN56","N2,N7-dicyclohexyl-9-(hydroxyimino)-9H-fluorene-2,7-disulfonamide","118986699",34659551,"_NA_",2022-04-12,"FerrDb team"
"Ferroptosis","propofol","propofol","4943",34589146,"_NA_",2022-04-12,"FerrDb team"
"Ferroptosis","DATS","Diallyl trisulfide","16315",34044656,"_NA_",2022-04-12,"FerrDb team"
"Ferroptosis","Ketamine","Ketamine","3821",34566408,"_NA_",2022-04-12,"FerrDb team"
"Ferroptosis","TC","tagitinin C","11256548",34345202,"_NA_",2022-04-12,"FerrDb team"
"Ferroptosis","Erianin","Erianin","11214940",34776986,"A natural product.",2022-04-12,"FerrDb team"
"Ferroptosis","ART","Artesunate","6917864",34628002,"_NA_",2022-04-12,"FerrDb team"
"Ferroptosis","lycorine","lycorine","72378",34594422,"_NA_",2022-04-12,"FerrDb team"
"Ferroptosis","ZA","Zoledronic acid","68740",35003915,"_NA_",2022-04-12,"FerrDb team"
"Ferroptosis","Metformin","Metformin","4091",34644456,"Metformin is an inhibitor in some other papers.",2022-04-12,"FerrDb team"
"Ferroptosis","Baicalin","Baicalin","64982",35024325,"Baicalin is an inhibitor in some other papers.",2022-04-12,"FerrDb team"
"Ferroptosis","RSL3","(1S,3R)-RSL3","1750826",34987700,"_NA_",2022-04-17,"FerrDb team"
"Ferroptosis","ART","Artesunate","6917864",34093811,"A derivative of artemisinin.",2022-04-17,"FerrDb team"
"Ferroptosis","DHA","Dihydroartemisinin","3000518",34093811,"A derivative of artemisinin.",2022-04-17,"FerrDb team"
"Ferroptosis","DHA","Dihydroartemisinin","3000518",34129254,"_NA_",2022-04-18,"FerrDb team"
"Ferroptosis","PdtaA","2-pyridylhydrazone dithiocarbamate s-acetic acid","_NA_",34691357,"A dithiocarbamate derivative.",2022-04-18,"FerrDb team"
"Ferroptosis","Bavachin","Bavachin","14236566",34707773,"_NA_",2022-04-18,"FerrDb team"
"Ferroptosis","DHA","Dihydroartemisinin","3000518",34925691,"_NA_",2022-04-18,"FerrDb team"
"Ferroptosis","ALI","Aristolactam I","96710",33584308,"_NA_",2022-04-18,"FerrDb team"
"Ferroptosis","Cd","Cadmium","23973",34403946,"_NA_",2022-04-18,"FerrDb team"
"Ferroptosis","Lidocaine","Lidocaine","3676",34122108,"_NA_",2022-04-25,"FerrDb team"
"Ferroptosis","Levobupivacaine","Levobupivacaine","92253",34175840,"_NA_",2022-04-25,"FerrDb team"
"Ferroptosis","AA","Arachidonic acid","444899",33691090,"_NA_",2022-04-25,"FerrDb team"
"Ferroptosis","Trypsin","Trypsin","78383895",34562639,"_NA_",2022-04-25,"FerrDb team"
"Ferroptosis","Oxalate","Oxalate","71081",34659638,"_NA_",2022-04-25,"FerrDb team"
"Ferroptosis","NiCl2","Nickel chloride","24385",34921910,"_NA_",2022-04-25,"FerrDb team"
"Ferroptosis","Cetuximab","Cetuximab","_NA_",34775496,"PubChem SID is 495888.",2022-05-05,"FerrDb team"
"Ferroptosis","Elesclomol","Elesclomol","300471",34390123,"_NA_",2022-05-05,"FerrDb team"
"Ferroptosis","a2","(6R,6aR,9S,11bS,14R)-4,4-Dimethyl-8-methylene-7,11,12-trioxododecahydro-1H-6,11b-(epoxymethano)-6a,9-methanocyclohepta[a]naphthalen-14-yl valinate","_NA_",34221865,"A new JDA derivative.",2022-05-05,"FerrDb team"
"Ferroptosis","Honokiol","Honokiol","72303",34249443,"_NA_",2022-05-05,"FerrDb team"
"Ferroptosis","Herceptin","Herceptin","_NA_",34935058,"A chemotherapeutic agent that targets HER2.",2022-05-05,"FerrDb team"
"Ferroptosis","Atractylodin","Atractylodin","5321047",34790741,"_NA_",2022-05-05,"FerrDb team"
"Ferroptosis","FIN56","N2,N7-dicyclohexyl-9-(hydroxyimino)-9H-fluorene-2,7-disulfonamide","118986699",34716292,"_NA_",2022-05-07,"FerrDb team"
"Ferroptosis","Di-(2-ethylhexyl) phthalate","Bis(2-ethylhexyl) phthalate","8343",34863575,"_NA_",2022-05-11,"FerrDb team"
"Ferroptosis","Sev","sevoflurane","5206",34734006,"_NA_",2022-05-11,"FerrDb team"
"Ferroptosis","robustaflavone 7,5′'-dimethyl ether","robustaflavone 7,5′'-dimethyl ether","_NA_",34875389,"_NA_",2022-05-11,"FerrDb team"
"Ferroptosis","DNMT-1","DNA (cytosine-5)-methyltransferase 1","_NA_",34588431,"PubChem SID is 160755578.",2022-05-11,"FerrDb team"
"Ferroptosis","Brucine","Brucine","442021",34112960,"_NA_",2022-05-11,"FerrDb team"
"Ferroptosis","DHA","Dihydroartemisinin","3000518",34924133,"_NA_",2022-05-15,"FerrDb team"
"Ferroptosis","AF","Auranofin","138402869",33812801,"The induction of lipid peroxidation and consequently ferroptosis was limited to the p53 R273H expressing cells.",2022-05-15,"FerrDb team"
"Ferroptosis","BBR","Berberine","2353",34864819,"_NA_",2022-05-16,"FerrDb team"
"Ferroptosis","SFN","Sulforaphane","5350",35008240,"_NA_",2022-05-16,"FerrDb team"
"Ferroptosis","APR-246","Prima-1met","52918385",33406814,"_NA_",2022-05-16,"FerrDb team"
"Ferroptosis","fructose","fructose","5984",33404569,"_NA_",2022-05-24,"FerrDb team"
"Ferroptosis","ZZW-115","ZZW-115","25010688",34599149,"_NA_",2022-05-24,"FerrDb team"
"Ferroptosis","Cis","Cisplatin","5702198",34970416,"Combined Treatment with UA and Cis Synergistically Increases Ferroptosis of OS Cells.",2022-05-24,"FerrDb team"
"Ferroptosis","UA","Ursolic acid","64945",34970416,"Combined Treatment with UA and Cis Synergistically Increases Ferroptosis of OS Cells.",2022-05-24,"FerrDb team"
"Ferroptosis","AA","Arachidonic acid","444899",35216678,"_NA_",2022-09-03,"FerrDb team"
"Ferroptosis","Palmitoleic acid","Palmitoleic acid","445638",35216678,"_NA_",2022-09-03,"FerrDb team"
"Ferroptosis","Oleic acid","Oleic acid","445639",35216678,"_NA_",2022-09-03,"FerrDb team"
"Ferroptosis","Thrombin","Thrombin","65045",35197442,"_NA_",2022-09-03,"FerrDb team"
"Ferroptosis","Dexamethasone","Dexamethasone","5743",35108055,"Dexamethasone sensitizes to erastin-induced ferroptosis but not to RSL3-induced ferroptosis.",2022-09-03,"FerrDb team"
"Ferroptosis","Pra","Pranoprofen","4888",35013936,"_NA_",2022-09-03,"FerrDb team"
"Ferroptosis","Dox","Doxorubicin","31703",35093381,"_NA_",2022-09-21,"FerrDb team"
"Ferroptosis","AC","Abivertinib","72734520",35063650,"_NA_",2022-09-21,"FerrDb team"
"Ferroptosis","MeHg","MeHg","56312855",35439497,"_NA_",2022-09-29,"FerrDb team"
"Ferroptosis","T0901317","N-(2,2,2-Trifluoroethyl)-N-{4-[2,2,2-trifluoro-1-hydroxy-1-(trifluoromethyl)ethyl]phenyl}benzenesulfonamide","447912",35081722,"This study discovered that co-treatment of LXRS agonist T0901317 and ferroptosis inducers (FINs) significantly inhibited the proliferation of cancer cells, this inhibition effect could be reversed by specific inhibitors of ferroptosis and accompanied by elevated lipid peroxides.",2022-09-29,"FerrDb team"
"Ferroptosis","AS","Arsenic","5359596",35525119,"_NA_",2022-09-29,"FerrDb team"
"Ferroptosis","Alloimperatorin","Alloimperatorin","69502",35263194,"_NA_",2022-09-29,"FerrDb team"
"Ferroptosis","HOCI","Hypochlorous acid","24341",35178161,"_NA_",2022-09-29,"FerrDb team"
"Ferroptosis","Cisplatin","Cisplatin","5702198",35563172,"_NA_",2022-09-28,"FerrDb team"
"Ferroptosis","H2O2","Hydrogen peroxide","784",35779691,"_NA_",2022-09-29,"FerrDb team"
"Ferroptosis","AUR","Auranofin","24199313",35008976,"_NA_",2022-10-04,"FerrDb team"
"Ferroptosis","EC","Ethyl carbamate","5641",35623314,"_NA_",2022-10-04,"FerrDb team"
"Ferroptosis","ART","Artemisinin","68827",35228063,"_NA_",2022-10-05,"FerrDb team"
"Ferroptosis","ART","Artesunate","136245570",35177209,"_NA_",2022-10-05,"FerrDb team"
"Ferroptosis","DHA","Dihydroartemisinin","3000518",35569552,"_NA_",2022-10-05,"FerrDb team"
"Ferroptosis","DET","Deoxyelephantopin","6325056",35231572,"_NA_",2022-10-05,"FerrDb team"
"Ferroptosis","Hg","Mercury","23931",34905050,"_NA_",2022-10-12,"FerrDb team"
"Ferroptosis","ATO","Arsenic trioxide","14888",35195477,"_NA_",2022-10-12,"FerrDb team"
"Ferroptosis","UA","Uric Acid","1175",35480874,"_NA_",2022-10-12,"FerrDb team"
"Ferroptosis","NaIO3","Sodium iodate","23675764",35251467,"_NA_",2022-10-18,"FerrDb team"
"Ferroptosis","LBP","Lycium barbarum polysaccharide","134223164",35403384,"_NA_",2022-10-18,"FerrDb team"
"Ferroptosis","Sevoflurane","Sevoflurane","5206",35275882,"_NA_",2022-10-22,"FerrDb team"
"Ferroptosis","SAG","Sanguinarine","5154",35176976,"_NA_",2022-10-22,"FerrDb team"
"Ferroptosis","Triptolide","Triptolide","107985",35757509,"_NA_",2022-10-22,"FerrDb team"
"Ferroptosis","Benzene","Benzene","241",35661779,"_NA_",2022-10-22,"FerrDb team"
"Ferroptosis","Lys","Lysionotin","160921",35993016,"_NA_",2022-10-22,"FerrDb team"
"Ferroptosis","NPD4928","N-(2-(5-Methoxy-1H-indol-3-yl)ethyl)-2-((3,4,8,8-tetramethyl-2-oxo-9,10-dihydro-2H,8H-pyrano[2,3-f]chromen-5-yl)oxy)acetamide","16406972",35128925,"_NA_",2022-10-31,"FerrDb team"
"Ferroptosis","6-TG","6-Thioguanine","2723601",35278883,"_NA_",2022-10-31,"FerrDb team"
"Ferroptosis","DHA","Dihydroartemisinin","3000518",35122867,"_NA_",2022-10-31,"FerrDb team"
"Ferroptosis","ATO","Arsenic trioxide","14888",35598199,"_NA_",2022-10-31,"FerrDb team"
"Ferroptosis","tRF-22-8BWS7K092","tRF-22-8BWS7K092","_NA_",35299002,"Alveolar macrophage-derived exosomal.",2022-10-31,"FerrDb team"
"Ferroptosis","UA","Ursolic acid","64945",35714823,"_NA_",2022-11-01,"FerrDb team"
"Ferroptosis","DEHP","Di(2-ethylhexyl) phthalate","8343",35500696,"_NA_",2022-11-01,"FerrDb team"
"Ferroptosis","DHA","Dihydroartemisinin","3000518",35248719,"_NA_",2022-11-01,"FerrDb team"
"Ferroptosis","PAT","Patulin","4696",35543324,"_NA_",2022-11-10,"FerrDb team"
"Ferroptosis","PAA","Poricoic acid A","5471851",35397422,"_NA_",2022-11-10,"FerrDb team"
"Ferroptosis","WJ460","WJ460","134820567",35533575,"_NA_",2022-11-10,"FerrDb team"
"Ferroptosis","NO","Nitric oxide","145068",35499331,"_NA_",2022-11-10,"FerrDb team"
"Ferroptosis","AF","Amentoflavone","5281600",35635082,"_NA_",2022-11-10,"FerrDb team"
"Ferroptosis","ATM-Exos","Adipose tissue macrophages-exosomes","_NA_",35271999,"_NA_",2022-11-10,"FerrDb team"
"Ferroptosis","Rotenone","Rotenone","6758",35919817,"_NA_",2022-11-10,"FerrDb team"
"Ferroptosis","NADPH","NADPH","5884",35265258,"_NA_",2022-11-10,"FerrDb team"
"Ferroptosis","6-OHDA","6-hydroxydopamine","4624",35571244,"6-hydroyxdopamine in article.",2022-11-10,"FerrDb team"
"Ferroptosis","BPA","Bisphenol A","6623",35292335,"_NA_",2022-11-10,"FerrDb team"
"Ferroptosis","BEA","Beauvericin","3007984",35038498,"_NA_",2022-11-10,"FerrDb team"
"Ferroptosis","ENNB","Bnniatin B","164754",35038498,"_NA_",2022-11-10,"FerrDb team"
"Ferroptosis","CPUL119","CPUL119","_NA_",35690642,"Phenazine derivatives.",2022-11-10,"FerrDb team"
"Ferroptosis","CPUL129","CPUL129","_NA_",35690642,"Phenazine derivatives.",2022-11-10,"FerrDb team"
"Ferroptosis","CPUL149","CPUL149","_NA_",35690642,"Phenazine derivatives.",2022-11-10,"FerrDb team"
"Ferroptosis","Agrimonolide","Agrimonolide","161362",35526323,"_NA_",2022-11-10,"FerrDb team"
"Ferroptosis","LPS","Lipopolysaccharides","11970143",35910848,"_NA_",2022-11-10,"FerrDb team"
"Ferroptosis","Dox","Doxorubicin","31703",35667395,"_NA_",2022-11-10,"FerrDb team"
"Ferroptosis","SAS","Sulfasalazine","5339",35441682,"_NA_",2022-11-10,"FerrDb team"
"Ferroptosis","Iron","Iron","23925",35441682,"_NA_",2022-11-10,"FerrDb team"
"Ferroptosis","DIM","3,3′-Diindolylmethane","3071",35266886,"_NA_",2022-11-10,"FerrDb team"
"Ferroptosis","Vitamin C","Vitamin C","54670067",35915609,"_NA_",2022-11-10,"FerrDb team"
"Ferroptosis","Met","Methionine","6137",35626640,"_NA_",2022-11-20,"FerrDb team"
"Ferroptosis","SAM","S-adenosylmethionine","34755",35626640,"_NA_",2022-11-20,"FerrDb team"
"Ferroptosis","PS-MPs","Polystyrene microplastics","_NA_",35550135,"Emerging environmental pollutants.",2022-11-20,"FerrDb team"
"Ferroptosis","HgCl2","Mercuric chloride","24085",35675856,"_NA_",2022-11-20,"FerrDb team"
"Ferroptosis","ISL","Isoliquiritigenin","638278",35489326,"_NA_",2022-11-20,"FerrDb team"
"Ferroptosis","Paraquat","Paraquat","15939",35598771,"_NA_",2022-11-20,"FerrDb team"
"Ferroptosis","PM2.5","Fine particulate matter","56459340",35512470,"_NA_",2022-11-20,"FerrDb team"
"Ferroptosis","H2O2","H2O2","784",35480867,"_NA_",2022-11-25,"FerrDb team"
"Ferroptosis","Lut","Luteolin","5280445",35656025,"_NA_",2022-11-25,"FerrDb team"
"Ferroptosis","Glucose","Glucose","107526",35844792,"_NA_",2022-11-25,"FerrDb team"
"Ferroptosis","CaOx","Calcium oxalate","33005",35703358,"_NA_",2022-11-25,"FerrDb team"
"Ferroptosis","5-FU","5-Fluorouracil","3385",35101590,"_NA_",2022-11-25,"FerrDb team"
"Ferroptosis","Adenine","Adenine","190",35110539,"_NA_",2022-11-25,"FerrDb team"
"Ferroptosis","BT","Bufotalin","12302120",35038550,"_NA_",2022-11-25,"FerrDb team"
"Ferroptosis","TRP","Tryptophan","6305",35245456,"_NA_",2022-11-25,"FerrDb team"
"Ferroptosis","Dex","Dexamethasone","5743",35276555,"_NA_",2022-11-25,"FerrDb team"
"Ferroptosis","Polystyrene","Polystyrene","7501",35228028,"_NA_",2022-11-30,"FerrDb team"
"Ferroptosis","Eup","Eupaformosanin","5281453",35469839,"_NA_",2022-11-30,"FerrDb team"
"Ferroptosis","ICS II","Icariside II","5488822",35636172,"_NA_",2022-11-30,"FerrDb team"
"Ferroptosis","DHT","5α-dihydrotestosterone","_NA_",35038776,"_NA_",2022-11-30,"FerrDb team"
"Ferroptosis","CA","Carnosic acid","65126",35490795,"_NA_",2022-11-30,"FerrDb team"
"Ferroptosis","Plumbagin","Plumbagin","10205",35396498,"_NA_",2022-11-30,"FerrDb team"
"Ferroptosis","FAC","Ferric ammonium citrate","14457",35752374,"_NA_",2022-11-30,"FerrDb team"
"Ferroptosis","DHA","Dihydroartemisinin","3000518",35687364,"_NA_",2022-11-30,"FerrDb team"
"Ferroptosis","Lenvatinib","Lenvatinib","9823820",35466502,"_NA_",2022-11-30,"FerrDb team"
"Ferroptosis","Apatinib","Apatinib","45139106",35602105,"_NA_",2022-11-30,"FerrDb team"
"Ferroptosis","DEHP","Exposure to Di (2-ethylhexyl) phthalate","7057919",35447293,"_NA_",2022-11-30,"FerrDb team"
"Ferroptosis","Al(mal)3","Aluminum maltolate","92427",35313783,"_NA_",2022-11-30,"FerrDb team"
"Ferroptosis","Fructose","Fructose","2723872",35390676,"_NA_",2022-12-07,"FerrDb team"
"Ferroptosis","TMBPA","Tetramethyl bisphenol A","79717",35427877,"_NA_",2022-12-07,"FerrDb team"
"Ferroptosis","SI","Sinapine","5280385",35358657,"_NA_",2022-12-07,"FerrDb team"
"Ferroptosis","Dopamine","Dopamine","681",35710828,"_NA_",2022-12-07,"FerrDb team"
"Ferroptosis","Rapamycin","Rapamycin","5284616",35086957,"_NA_",2022-12-07,"FerrDb team"
"Ferroptosis","LAP","Lapatinib","208908",34898356,"_NA_",2022-12-07,"FerrDb team"
"Ferroptosis","Na2MoO4","Sodium molybdate","61424",35219846,"_NA_",2022-12-08,"FerrDb team"
"Ferroptosis","L-NIL","L-NIL","2733506",35262869,"_NA_",2022-12-08,"FerrDb team"
"Ferroptosis","LPS","Lipopolysaccharide","11970143",35299067,"_NA_",2022-12-08,"FerrDb team"
"Ferroptosis","Bupivacaine","Bupivacaine","2474",35246010,"_NA_",2022-12-08,"FerrDb team"
"Ferroptosis","DMC","4,4'-dimethoxychalcone","5377817",35697292,"_NA_",2022-12-08,"FerrDb team"
"Ferroptosis","Lupeol","Lupeol","259846",35486494,"_NA_",2022-12-08,"FerrDb team"
"Ferroptosis","Betulin","Betulin","72326",35330996,"_NA_",2022-12-11,"FerrDb team"
"Ferroptosis","Gefitinib","Gefitinib","123631",35330996,"_NA_",2022-12-11,"FerrDb team"
"Ferroptosis","Quercetin","Quercetin","5280343",35898781,"_NA_",2022-12-11,"FerrDb team"
"Ferroptosis","MMRi62","MMRi62","_NA_",35131878,"_NA_",2022-12-11,"FerrDb team"
"Ferroptosis","S.barbata","Scutellaria barbata","_NA_",35321425,"A Chinese herbal plant.",2022-12-14,"FerrDb team"
"Ferroptosis","OP-B","Ophiopogonin-B","46173857",35875069,"_NA_",2022-12-14,"FerrDb team"
"Ferroptosis","Glycine","Glycine","750",35136972,"_NA_",2022-12-14,"FerrDb team"
"Ferroptosis","G1dP3","Galectin-1 Derived Peptide 3","_NA_",35860469,"A bioactive peptide derived from galectin-1 domain.",2022-12-14,"FerrDb team"
"Ferroptosis","HC-056456","HC-056456","573747",35860356,"_NA_",2022-12-14,"FerrDb team"
"Ferroptosis","Oxaliplatin","Oxaliplatin","9887053",35495610,"_NA_",2022-12-14,"FerrDb team"
"Ferroptosis","SS","Solasonine","119247",35664792,"_NA_",2022-12-14,"FerrDb team"
"Ferroptosis","Atorvastatin","Atorvastatin","60823",35309902,"_NA_",2022-12-18,"FerrDb team"
"Ferroptosis","Sb","antimony","5354495",35305351,"_NA_",2022-12-18,"FerrDb team"
"Ferroptosis","Sevoflurane","Sevoflurane","5206",35935755,"_NA_",2022-12-18,"FerrDb team"
"Ferroptosis","PLTX","Palytoxin","11105289",35448878,"_NA_",2022-12-18,"FerrDb team"
"Ferroptosis","Propofol","Propofol","4943",35419287,"_NA_",2022-12-18,"FerrDb team"
"Ferroptosis","Heme","Heme","26945",35517804,"_NA_",2022-12-18,"FerrDb team"
"Ferroptosis","Withaferin A","Withaferin A","265237",35592903,"_NA_",2022-12-18,"FerrDb team"
"Ferroptosis","YQHY","Yiqi Huayu Decoction","_NA_",35237519,"A modified traditional Chinese prescription.",2022-12-18,"FerrDb team"
"Ferroptosis","CTX","Cyclophosphamide","2907",35264971,"_NA_",2022-12-18,"FerrDb team"
"Ferroptosis","Sev","Sevoflurane","5206",35372041,"_NA_",2022-12-18,"FerrDb team"
"Ferroptosis","Propofol","Propofol","4943",35517791,"_NA_",2022-12-28,"FerrDb team"
"Ferroptosis","Nobiletin","Nobiletin","72344",35350242,"_NA_",2022-12-28,"FerrDb team"
"Ferroptosis","Cisplatin","Cisplatin","5702198",35784745,"_NA_",2022-12-28,"FerrDb team"
"Ferroptosis","GV","Gentian violet","11057",35968343,"_NA_",2022-12-28,"FerrDb team"
"Ferroptosis","Honokiol","Honokiol","72303",35645831,"_NA_",2022-12-28,"FerrDb team"
"Ferroptosis","Epimedium koreanum Nakai","Epimedium koreanum Nakai","472394088",35910368,"One of Epimedii Folium species.",2022-12-28,"FerrDb team"
"Ferroptosis","FZKA","Fuzheng Kang'ai Decoction","_NA_",35496303,"FZKA, containing 12 components, was obtained from Guangdong Kangmei Pharmaceutical Company Ltd. (Guangdong, China), as previously reported (Xiao-Bing Yang et al., 2014).",2022-12-28,"FerrDb team"
"Ferroptosis","Rh4","Ginsenoside Rh4","21599928",35677385,"_NA_",2022-12-28,"FerrDb team"
"Ferroptosis","Lead acetate","Lead acetate","9317",35588615,"_NA_",2023-01-05,"FerrDb team"
"Ferroptosis","SOR","Sorafenib","216239",35724508,"_NA_",2023-01-05,"FerrDb team"
"Ferroptosis","TetC","Tetrandrine citrate","_NA_",35614944,"A novel tetrandrine salt with high water solubility",2023-01-05,"FerrDb team"
"Ferroptosis","Cd","Cadmium","23973",35272187,"_NA_",2023-01-05,"FerrDb team"
"Ferroptosis","α-hederin","α-hederin","73296",35398749,"_NA_",2023-01-05,"FerrDb team"
"Ferroptosis","CMP","Carboxymethylated pachyman","_NA_",35399331,"A carboxymethylated derivative of pachyman isolated from Poria cocos",2023-01-05,"FerrDb team"
"Ferroptosis","Solasonine","Solasonine","119247",35494004,"_NA_",2023-01-05,"FerrDb team"
"Ferroptosis","Capsaicin","Capsaicin","1548943",35438378,"_NA_",2023-01-05,"FerrDb team"
"Ferroptosis","RhTPO","Recombinant human thrombopoietin","472419732",35768562,"_NA_",2023-01-06,"FerrDb team"
"Ferroptosis","QEP","Qing'e Pill","_NA_",35865965,"A mixture of traditional Chinese medicine (TCM) consisting of Eucommia ulmoides Oliv., Psoralea corylifolia L., Juglans regia L., and Allium sativum L.",2023-01-10,"FerrDb team"
"Ferroptosis","CUN","Curcumin","969516",35041678,"_NA_",2023-01-10,"FerrDb team"
"Ferroptosis","Neferine","Neferine","159654",35794985,"_NA_",2023-01-10,"FerrDb team"
"Ferroptosis","Celastrol","Celastrol","122724",35646542,"_NA_",2023-01-10,"FerrDb team"
"Ferroptosis","EA","β-elemonic acid","15559100",35242040,"_NA_",2023-02-23,"FerrDb team"
"Ferroptosis","ART","Artesunate","6917864",35198441,"_NA_",2023-02-21,"FerrDb team"
"Ferroptosis","Piperlongumine","Piperlongumine","637858",35453395,"_NA_",2023-03-01,"FerrDb team"
"Ferroptosis","GO","Graphene Oxide","163320950",35392949,"Binds to MCLR to form a complex to produce an effect.",2023-03-08,"FerrDb team"
"Ferroptosis","MCLR","Microcystin-LR","445434",35392949,"Binds to GO to form a complex to produce an effect.",2023-03-08,"FerrDb team"
"Ferroptosis","Os2","Os2","129671625",35473926,"_NA_",2023-03-16,"FerrDb team"
"Ferroptosis","DDP","Cisplatin","5702198",35278641,"_NA_",2023-03-22,"FerrDb team"
"Ferroptosis","FLD","Falnidamol","6918508",35278641,"_NA_",2023-03-22,"FerrDb team"
"Ferroptosis","Ironomycin","Ironomycin","155520759",35078814,"_NA_",2023-03-22,"FerrDb team"
"Ferroptosis","GLY","Glyphosate","3496",36521597,"_NA_",2023-04-11,"FerrDb team"
"Ferroptosis","Aconitine","Aconitine","245005",36503029,"_NA_",2023-04-11,"FerrDb team"
"Ferroptosis","LLOMe","L‐leucyl‐L‐leucine methyl ester","346369493",36450665,"_NA_",2023-04-11,"FerrDb team"
"Ferroptosis","FAC","Ferric ammonium citrate","14457",36352276,"_NA_",2023-04-11,"FerrDb team"
"Ferroptosis","APAP","N-acetyl-p-aminophenol","1983",36572326,"_NA_",2023-04-12,"FerrDb team"
"Ferroptosis","CdCl2","CdCl2","24947",36581278,"_NA_",2023-04-12,"FerrDb team"
"Ferroptosis","Cd","Cadmium","23973",36581278,"_NA_",2023-04-12,"FerrDb team"
"Ferroptosis","Propofol","Propofol","4943",36427803,"_NA_",2023-04-12,"FerrDb team"
"Ferroptosis","Sorafenib","Sorafenib","216239",36109580,"_NA_",2023-04-19,"FerrDb team"
"Ferroptosis","8e","8e","_NA_",36603510,"_NA_",2023-04-19,"FerrDb team"
"Ferroptosis","OCA","Obeticholic acid","447715",36584600,"_NA_",2023-04-19,"FerrDb team"
"Ferroptosis","AA","Abietic acid","10569",36584429,"_NA_",2023-04-19,"FerrDb team"
"Ferroptosis","AA","Arachidonic acid","444899",36581060,"_NA_",2023-04-19,"FerrDb team"
"Ferroptosis","DEHP","Di (2-ethylhexyl) phthalate","8343",36580806,"_NA_",2023-04-19,"FerrDb team"
"Ferroptosis","MEHP","Mono-2-ethylhexyl phthalate","91735738",36580806,"_NA_",2023-04-19,"FerrDb team"
"Ferroptosis","EpoB","Epothilone B","448013",36496165,"_NA_",2023-04-20,"FerrDb team"
"Ferroptosis","Sorafenib","Sorafenib","216239",36473315,"_NA_",2023-04-20,"FerrDb team"
"Ferroptosis","ART","Artesunate","6917864",36433916,"_NA_",2023-04-20,"FerrDb team"
"Ferroptosis","Ni","Nickel","935",36372175,"_NA_",2023-07-12,"FerrDb team"
"Ferroptosis","Vorinostat","Vorinostat","5311",36106577,"_NA_",2023-07-12,"FerrDb team"
"Ferroptosis","DEHP","Di(2-ethylhexyl) phthalate","8343",36423886,"_NA_",2023-07-12,"FerrDb team"
"Ferroptosis","FA16","FA16","66177013",36410168,"_NA_",2023-07-12,"FerrDb team"
"Ferroptosis","Trabectedin","Trabectedin","108150",36396105,"_NA_",2023-07-12,"FerrDb team"
"Ferroptosis","ArBu","Arenobufagin","12305198",36685074,"_NA_",2023-07-20,"FerrDb team"
"Ferroptosis","ADE","Andrographolide","5318517",36610134,"_NA_",2023-07-20,"FerrDb team"
"Ferroptosis","PM2.5","Fine particulate matter","56459340",36565570,"_NA_",2023-07-20,"FerrDb team"
"Ferroptosis","Fe","Iron","23925",36484371,"_NA_",2023-07-21,"FerrDb team"
"Ferroptosis","Triptolide","Triptolide","107985",36453238,"_NA_",2023-07-21,"FerrDb team"
"Ferroptosis","ATO","Arsenic trioxide","14888",36447031,"_NA_",2023-07-21,"FerrDb team"
"Ferroptosis","Etoposide","Etoposide","36462",36442526,"_NA_",2023-07-21,"FerrDb team"
"Ferroptosis","Lenvatinib","Lenvatinib","9823820",36374802,"_NA_",2023-07-25,"FerrDb team"
"Ferroptosis","Aβ","Amyloid beta (25-35)","10843733",36347329,"_NA_",2023-07-28,"FerrDb team"
"Ferroptosis","Curcumin","Curcumin","969516",36346025,"_NA_",2023-07-28,"FerrDb team"
"Ferroptosis","BA","Boric acid","7628",36136913,"_NA_",2023-07-28,"FerrDb team"
"Ferroptosis","PM2.5","Fine particulate matter","56459340",36097321,"Microscopic particles having a diameter equal to or smaller than 2.5 μm",2023-07-28,"FerrDb team"
"Ferroptosis","PGE2","Prostaglandin E2","5280360",36031392,"_NA_",2023-07-28,"FerrDb team"
"Ferroptosis","ICA","Icariin","5318997",36585763,"_NA_",2023-08-08,"FerrDb team"
"Ferroptosis","Curcumol","Curcumol","14240392",36585763,"_NA_",2023-08-08,"FerrDb team"
"Ferroptosis","Paeoniflorin","Paeoniflorin","442534",36618071,"_NA_",2023-08-08,"FerrDb team"
"Ferroptosis","AP","Alterperylenol","125848",36472370,"_NA_",2023-08-08,"FerrDb team"
"Ferroptosis","Realgar","Realgar","139298",36573061,"_NA_",2023-08-04,"FerrDb team"
"Ferroptosis","Quercetin","Quercetin","5280343",36522794,"_NA_",2023-08-11,"FerrDb team"
"Ferroptosis","PM2.5","PM2.5","_NA_",36446170,"_NA_",2023-08-11,"FerrDb team"
"Ferroptosis","PTL","Parthenolide","7251185",36591540,"_NA_",2023-08-18,"FerrDb team"
"Ferroptosis","iFSP1","iFSP1","699043",36484954,"_NA_",2023-08-18,"FerrDb team"
"Ferroptosis","Arnicolide D","Arnicolide D","182199",36503456,"_NA_",2023-08-18,"FerrDb team"
"Ferroptosis","Aroyl diheterocyclic pyrrole 15","Aroyl diheterocyclic pyrrole 15","_NA_",36395526,"Aroyl diheterocyclic pyrrole (ARDHEP) derivative",2023-08-18,"FerrDb team"
"Ferroptosis","ICG","Indocyanine green","11967809",36567945,"_NA_",2023-08-18,"FerrDb team"
"Ferroptosis","BA","Boric acid","7628",36468437,"_NA_",2023-08-18,"FerrDb team"
"Ferroptosis","Curcumol","Curcumol","14240392",36398583,"_NA_",2023-09-22,"FerrDb team"
"Ferroptosis","Heme","Heme","26945",36383399,"_NA_",2023-09-22,"FerrDb team"
"Ferroptosis","6-Shogaol","6-Shogaol","5281794",36341865,"_NA_",2023-09-22,"FerrDb team"
"Ferroptosis","Realgar","Tetraarsenic tetrasulfide","139298",36321791,"_NA_",2023-09-28,"FerrDb team"
"Ferroptosis","1,4-BQ","Quinone","53787812",36272464,"_NA_",2023-09-28,"FerrDb team"
"Ferroptosis","Rifampicin","Rifampicin","135398735",36254713,"_NA_",2023-09-28,"FerrDb team"
"Ferroptosis","Pythium oligandrum","Pythium oligandrum","472266945",36250814,"_NA_",2023-09-28,"FerrDb team"
"Ferroptosis","XN4","XN4","165416318",35938505,"A novobiocin derivative",2023-10-17,"FerrDb team"
"Ferroptosis","DHA","Docosahexaenoic acid","445580",35804267,"_NA_",2023-10-17,"FerrDb team"
"Ferroptosis","RGP","Red ginseng polysaccharide","_NA_",35575436,"Red ginseng polysaccharide (RGP) is an active component of the widely used medicinal plant Panax ginseng C. A. Meyer (Araliaceae), which has displayed promising activities against cancer cells.",2023-10-17,"FerrDb team"
"Ferroptosis","Cd","Cadmium","23973",35931150,"_NA_",2023-10-20,"FerrDb team"
"Ferroptosis","Ly294002","Ly294002","11957589",36402439,"_NA_",2023-10-20,"FerrDb team"
"Ferroptosis","Niraparib","Niraparib","24958200",36116741,"_NA_",2023-10-07,"FerrDb team"
"Ferroptosis","TDCPP","Tris (1,3-dichloro-2-propyl) phosphate","26177",36087716,"_NA_",2023-10-07,"FerrDb team"
"Ferroptosis","GCDCA","Glycochenodeoxycholic acid","12544",36265794,"_NA_",2023-10-24,"FerrDb team"
"Ferroptosis","DOX","Doxorubicin","31703",36241072,"_NA_",2023-10-24,"FerrDb team"
"Ferroptosis","Manganese","Manganese","23930",36228830,"_NA_",2023-10-24,"FerrDb team"
"Ferroptosis","MnCl2","Manganese dichloride","24480",36228830,"_NA_",2023-10-24,"FerrDb team"
"Ferroptosis","SAS","Sulfasalazine","5339",36439690,"_NA_",2023-10-24,"FerrDb team"
"Ferroptosis","RSL3","RSL3","1750826",36371529,"_NA_",2023-10-27,"FerrDb team"
"Ferroptosis","DEHP","Di-(2-ethylhexyl) phthalate","8343",36438553,"_NA_",2023-10-27,"FerrDb team"
"Ferroptosis","AUD","Alcohol","702",36430312,"_NA_",2023-10-27,"FerrDb team"
"Ferroptosis","Fascaplysin","Fascaplysin","73292",36430250,"_NA_",2023-10-27,"FerrDb team"
"Ferroptosis","Compound 8","Compound 8","_NA_",36174666,"A small molecule.",2023-10-27,"FerrDb team"
"Ferroptosis","DOX","Doxorubicin","31703",36318618,"_NA_",2023-11-01,"FerrDb team"
"Ferroptosis","MDP","Muramyl Dipeptide","451714",36226351,"_NA_",2023-11-01,"FerrDb team"
"Ferroptosis","LCD","Lithocholic acid","9903",36176239,"_NA_",2023-11-03,"FerrDb team"
"Ferroptosis","ATRA","All-trans retinoic acid","444795",36157492,"_NA_",2023-11-03,"FerrDb team"
"Ferroptosis","Neratinib","Neratinib","9915743",36031759,"_NA_",2023-11-03,"FerrDb team"
"Ferroptosis","DN200434","DN200434","_NA_",36016501,"An orally available inverse agonist.",2023-11-03,"FerrDb team"
"Ferroptosis","SMJ","Shenmai Injection","_NA_",35997859,"A traditional Chinese medicine composed of Radix Ginseng, Radix ophiopogonis and Schisandra chinensis.",2023-11-03,"FerrDb team"
"Ferroptosis","WG","Wogonoside","3084961",35817562,"_NA_",2023-11-06,"FerrDb team"
"Ferroptosis","SHK","Shikonin","479503",36387145,"_NA_",2023-11-10,"FerrDb team"
"Ferroptosis","TF3","Theaflavin-3,3'-Digallate","21146795",36329803,"_NA_",2023-11-10,"FerrDb team"
"Ferroptosis","Allicin","Allicin","65036",36311361,"_NA_",2023-11-17,"FerrDb team"
"Ferroptosis","FA","Ferulic Acid","445858",36267458,"_NA_",2023-11-17,"FerrDb team"
"Ferroptosis","RXD","Roxadustat","11256664",36209275,"_NA_",2023-11-17,"FerrDb team"
"Ferroptosis","Atorvastatin","Atorvastatin","60823",36297049,"_NA_",2023-11-14,"FerrDb team"
"Ferroptosis","Cd","Cadmium","23973",36183427,"_NA_",2023-11-14,"FerrDb team"
"Ferroptosis","PM2.5","Fine particulate matter","56459340",36137421,"_NA_",2023-11-14,"FerrDb team"
"Ferroptosis","Simvastatin","Simvastatin","54454",36276874,"_NA_",2023-11-14,"FerrDb team"
"Ferroptosis","Dexamethasone","Dexamethasone","5743",36275897,"_NA_",2023-11-14,"FerrDb team"
"Ferroptosis","Perillaldehyde","Perillaldehyde","16441",36800294,"_NA_",2023-11-22,"FerrDb team"
"Ferroptosis","NCTD","Norcantharidin","93004",36168316,"_NA_",2023-11-22,"FerrDb team"
"Ferroptosis","GNA","Gambogenic acid","10794070",36081284,"_NA_",2023-11-22,"FerrDb team"
"Ferroptosis","EA","Ellagic acid","5281855",36029649,"_NA_",2023-11-24,"FerrDb team"
"Ferroptosis","1,3-DCP","1,3-Dichloro-2-propanol","7289",35870111,"_NA_",2023-11-24,"FerrDb team"
"Ferroptosis","Decursin","Decursin","442126",35785548,"_NA_",2023-11-24,"FerrDb team"
"Ferroptosis","Huaier","Huaier","381129657",36248959,"_NA_",2023-11-24,"FerrDb team"
"Ferroptosis","Pt3R5G","Petunidin 3-O-[rhamnopyranosyl-(trans-p-coumaroyl)]-5-O-(β-D-glucopyranoside)","_NA_",35931199,"Isolated and purified from Lycium ruthenicum Murray",2023-11-24,"FerrDb team"
"Ferroptosis","Olaparib","Olaparib","23725625",36163324,"_NA_",2023-11-30,"FerrDb team"
"Ferroptosis","ATO","Arsenic trioxide","14888",36163324,"_NA_",2023-11-30,"FerrDb team"
"Ferroptosis","Bisphenol A","Bisphenol A","6623",36153926,"_NA_",2023-12-01,"FerrDb team"
"Ferroptosis","Brusatol","Brusatol","73432",36290582,"_NA_",2023-12-01,"FerrDb team"
"Ferroptosis","DHA","Dihydroartemisinin","3000518",36164395,"_NA_",2023-12-01,"FerrDb team"
"Ferroptosis","APR-246","Eprenetapopt","52918385",36103522,"_NA_",2023-12-06,"FerrDb team"
"Ferroptosis","Rhamnazin","Rhamnazin","5320945",35896364,"_NA_",2023-12-06,"FerrDb team"
"Ferroptosis","Carabrone","Carabrone","164879",36144577,"_NA_",2023-12-06,"FerrDb team"
"Ferroptosis","LA","Levistilide A","70698035",36105321,"_NA_",2023-12-08,"FerrDb team"
"Ferroptosis","Combination of Metformin and Sorafenib","Combination of Metformin and Sorafenib","_NA_",36118519,"Combination of Metformin and Sorafenib",2023-12-08,"FerrDb team"
"Ferroptosis","UII","Urotensin II","46225600",36222337,"_NA_",2023-12-08,"FerrDb team"
"Ferroptosis","AA","Acrylamide","6579",35963425,"_NA_",2023-12-13,"FerrDb team"
"Ferroptosis","4-tBP","4-tert-Butylphenol","7393",35926411,"_NA_",2023-12-13,"FerrDb team"
"Ferroptosis","HDI","Hedyotis diffusa injection","_NA_",35853302,"_NA_",2023-12-13,"FerrDb team"
"Ferroptosis","APR-246","APR-246","52918385",35835991,"_NA_",2023-12-13,"FerrDb team"
"Ferroptosis","ShtIX","S-3'-hydroxy-7', 2', 4'-trimethoxyisoxane","_NA_",36105203,"A new isoflavane compound.",2023-12-15,"FerrDb team"
"Ferroptosis","CA","Corosolic acid","6918774",36038536,"_NA_",2023-12-15,"FerrDb team"
"Ferroptosis","Aspirin","Aspirin","2244",35963119,"_NA_",2023-12-25,"FerrDb team"
"Ferroptosis","Compound 21","Seco-Lupane Triterpene Derivatives compound 21","_NA_",35801495,"Seco-lupane triterpene derivatives.",2023-12-29,"FerrDb team"
"Ferroptosis","SNG","Sanguinarine","5154",35892694,"_NA_",2023-12-29,"FerrDb team"
"Ferroptosis","EB","Eupalinolide B","71463992",35866605,"_NA_",2023-12-29,"FerrDb team"
"Ferroptosis","TST","Thiostrepton","16154490",35859150,"_NA_",2023-12-29,"FerrDb team"
"Ferroptosis","6-OHDA","6-hydroxydopamine","4624",35776077,"_NA_",2024-01-05,"FerrDb team"
"Ferroptosis","Capsaicin","Capsaicin","1548943",35835852,"_NA_",2024-01-05,"FerrDb team"
"Ferroptosis","Kayadiol","Kayadiol","52948928",35778693,"_NA_",2024-01-04,"FerrDb team"
"Ferroptosis","Curcumenol","Curcumenol","67812",35224289,"_NA_",2024-01-04,"FerrDb team"
