,uniprot_id,is_core,source,tax_id,pathways
0,A6NCE7,1,kegg,9606,
1,O14867,1,wikipathways,9606,R-HSA-9707587;R-HSA-9707616;R-HSA-9708530;R-HSA-9818027
2,O60488,1,kegg;wikipathways,9606,R-HSA-434313;R-HSA-75876
3,O75845,1,GO,9606,R-HSA-2426168;R-HSA-6807047;R-HSA-6807062
4,O95352,1,kegg;wikipathways,9606,R-HSA-1632852;R-HSA-6798695;R-HSA-6802952;R-HSA-983168
5,O95573,1,kegg;wikipathways,9606,R-HSA-434313;R-HSA-75876
6,P00450,1,kegg;wikipathways,9606,R-HSA-381426;R-HSA-425410;R-HSA-5619049;R-HSA-5619060;R-HSA-8957275;R-HSA-917937
7,P02786,1,kegg;wikipathways,9606,R-HSA-432722;R-HSA-8856825;R-HSA-8856828;R-HSA-8980692;R-HSA-9013026;R-HSA-9013106;R-HSA-9013148;R-HSA-9013149;R-HSA-9013404;R-HSA-9013406;R-HSA-9013407;R-HSA-9013408;R-HSA-9013409;R-HSA-9013423;R-HSA-917977;R-HSA-9696270;R-HSA-9696273;R-HSA-9725554
8,P02787,1,kegg;wikipathways,9606,R-HSA-114608;R-HSA-381426;R-HSA-8856825;R-HSA-8856828;R-HSA-8957275;R-HSA-917937;R-HSA-917977
9,P02792,1,kegg;wikipathways,9606,R-HSA-3000480;R-HSA-432722;R-HSA-6798695;R-HSA-917937
10,P02794,1,GO;kegg;wikipathways,9606,R-HSA-3000480;R-HSA-432722;R-HSA-6798695;R-HSA-917937
11,P04035,1,wikipathways,9606,R-HSA-191273;R-HSA-1989781;R-HSA-2426168;R-HSA-9619665
12,P04156,1,kegg,9606,R-HSA-419037;R-HSA-9609523
13,P04637,1,kegg;wikipathways,9606,R-HSA-111448;R-HSA-139915;R-HSA-1912408;R-HSA-2559580;R-HSA-2559584;R-HSA-2559585;R-HSA-2559586;R-HSA-3232118;R-HSA-349425;R-HSA-390471;R-HSA-5620971;R-HSA-5628897;R-HSA-5689880;R-HSA-5689896;R-HSA-5693565;R-HSA-6785807;R-HSA-6796648;R-HSA-6803204;R-HSA-6803205;R-HSA-6803207;R-HSA-6803211;R-HSA-6804114;R-HSA-6804115;R-HSA-6804116;R-HSA-6804754;R-HSA-6804756;R-HSA-6804757;R-HSA-6804758;R-HSA-6804759;R-HSA-6804760;R-HSA-6811555;R-HSA-69473;R-HSA-69481;R-HSA-69541;R-HSA-69895;R-HSA-8852276;R-HSA-8853884;R-HSA-8941855;R-HSA-8943724;R-HSA-9723905;R-HSA-9725370;R-HSA-9758274;R-HSA-9819196;R-HSA-983231;R-HSA-9833482
14,P04792,1,wikipathways,9606,R-HSA-4420097;R-HSA-450408;R-HSA-5687128;R-HSA-9009391
15,P04839,1,kegg;wikipathways,9606,R-HSA-1222556;R-HSA-1236973;R-HSA-3299685;R-HSA-4420097;R-HSA-5668599;R-HSA-6798695;R-HSA-9013149;R-HSA-9013404;R-HSA-9013423
16,P08195,1,kegg;wikipathways,9606,R-HSA-210991;R-HSA-352230;R-HSA-5660862;R-HSA-71240
17,P09601,1,GO;kegg,9606,R-HSA-189483;R-HSA-6785807;R-HSA-844456;R-HSA-917937;R-HSA-9609523;R-HSA-9660826;R-HSA-9707564;R-HSA-9707587;R-HSA-9707616;R-HSA-9818027
18,P15559,1,GO,9606,R-HSA-350562;R-HSA-9818027
19,P15735,1,wikipathways,9606,R-HSA-70221
20,P16050,1,kegg;wikipathways,9606,R-HSA-2142691;R-HSA-2142712;R-HSA-2142770;R-HSA-6785807;R-HSA-9018677;R-HSA-9018681;R-HSA-9018896;R-HSA-9023661;R-HSA-9025106;R-HSA-9026286
21,P16435,1,wikipathways,9606,R-HSA-211897
22,P21673,1,kegg;wikipathways,9606,R-HSA-351200
23,P27487,1,wikipathways,9606,R-HSA-381771;R-HSA-400511
24,P30793,1,wikipathways,9606,R-HSA-1474151
25,P32929,1,wikipathways,9606,R-HSA-1614558;R-HSA-1614603;R-HSA-2408508
26,P33121,1,kegg;wikipathways,9606,R-HSA-1989781;R-HSA-2046105;R-HSA-2046106;R-HSA-75876;R-HSA-9841922
27,P35520,1,wikipathways,9606,R-HSA-1614603;R-HSA-2408508
28,P36969,1,GO;kegg;wikipathways,9606,R-HSA-2142688;R-HSA-2142712;R-HSA-2142770;R-HSA-9018676;R-HSA-9018896;R-HSA-9020265;R-HSA-9023661
29,P37268,1,wikipathways,9606,R-HSA-191273;R-HSA-1989781;R-HSA-2426168
30,P42330,1,wikipathways,9606,R-HSA-193368;R-HSA-193775;R-HSA-193807;R-HSA-2162123;R-HSA-5365859;R-HSA-975634
31,P45880,1,kegg,9606,R-HSA-5205685;R-HSA-5689880;R-HSA-8949215
32,P48200,1,wikipathways,9606,R-HSA-917937
33,P48506,1,kegg;wikipathways,9606,R-HSA-174403;R-HSA-5578999;R-HSA-9818027
34,P48507,1,kegg;wikipathways,9606,R-HSA-174403;R-HSA-5578999;R-HSA-9818027
35,P48637,1,kegg;wikipathways,9606,R-HSA-174403;R-HSA-5579006
36,P49281,1,kegg;wikipathways,9606,R-HSA-425410;R-HSA-5619048;R-HSA-917937
37,P52895,1,wikipathways,9606,R-HSA-193368;R-HSA-193775;R-HSA-193807
38,Q04828,1,wikipathways,9606,R-HSA-193368;R-HSA-193775;R-HSA-193807;R-HSA-975634;R-HSA-9757110
39,Q13501,1,GO,9606,R-HSA-205043;R-HSA-209543;R-HSA-209560;R-HSA-5205685;R-HSA-8951664;R-HSA-9020702;R-HSA-9664873;R-HSA-9725370;R-HSA-9755511;R-HSA-9759194
40,Q13772,1,kegg;wikipathways,9606,R-HSA-9841922
41,Q15043,1,kegg;wikipathways,9606,R-HSA-442380
42,Q15365,1,kegg,9606,R-HSA-72163;R-HSA-72203
43,Q15366,1,kegg;wikipathways,9606,R-HSA-72163;R-HSA-72203;R-HSA-936440;R-HSA-9692916
44,Q15758,1,wikipathways,9606,R-HSA-352230;R-HSA-9013149;R-HSA-9013406;R-HSA-9013407;R-HSA-9013409;R-HSA-9013423
45,Q16236,1,GO,9606,R-HSA-8951664;R-HSA-9679191;R-HSA-9707587;R-HSA-9707616;R-HSA-9755511;R-HSA-9759194;R-HSA-9762114;R-HSA-9818025;R-HSA-9818026;R-HSA-9818027;R-HSA-9818028;R-HSA-9818030;R-HSA-9818032;R-HSA-9818035;R-HSA-9818749
46,Q16881,1,wikipathways,9606,R-HSA-1989781;R-HSA-2408550;R-HSA-3299685;R-HSA-499943;R-HSA-5263617;R-HSA-5336415;R-HSA-5628897;R-HSA-9818027
47,Q4PNE6,1,wikipathways,9606,
48,Q53SS8,1,wikipathways,9606,
49,Q53YK7,1,wikipathways,9606,
50,Q5JSD1,1,wikipathways,9606,
51,Q5U3C3,1,GO,9606,
52,Q658P3,1,kegg;wikipathways,9606,R-HSA-6803204;R-HSA-9013148;R-HSA-9013405;R-HSA-9013406;R-HSA-9013409;R-HSA-9035034;R-HSA-917977
53,Q6FH11,1,wikipathways,9606,
54,Q6P1A2,1,kegg;wikipathways,9606,R-HSA-1482788;R-HSA-1482801;R-HSA-1482839
55,Q7Z3H3,1,wikipathways,9606,
56,Q8N4E7,1,kegg;wikipathways,9606,R-HSA-917937
57,Q92504,1,GO,9606,R-HSA-442380
58,Q92982,1,GO,9606,
59,Q96F10,1,kegg;wikipathways,9606,
60,Q96FZ7,1,wikipathways,9606,R-HSA-162588;R-HSA-1632852;R-HSA-5620971;R-HSA-917729;R-HSA-9610379;R-HSA-9615710;R-HSA-9668328;R-HSA-9679504;R-HSA-9694676
61,Q96H96,1,wikipathways,9606,R-HSA-1268020;R-HSA-2142789
62,Q9BRQ8,1,GO;wikipathways,9606,R-HSA-6803204
63,Q9BXW4,1,kegg;wikipathways,9606,R-HSA-1632852
64,Q9C0K1,1,kegg;wikipathways,9606,R-HSA-442380
65,Q9GZQ8,1,kegg;wikipathways,9606,R-HSA-1632852;R-HSA-5205685;R-HSA-8854214;R-HSA-8934903;R-HSA-9664873;R-HSA-9679504;R-HSA-9694676;R-HSA-9754560;R-HSA-9755511
66,Q9H1Y0,1,kegg,9606,R-HSA-1632852;R-HSA-5205685;R-HSA-8934903;R-HSA-936440
67,Q9H2H9,1,wikipathways,9606,R-HSA-210455;R-HSA-352230
68,Q9H492,1,kegg;wikipathways,9606,R-HSA-1632852;R-HSA-5205685;R-HSA-8934903
69,Q9NP59,1,kegg,9606,R-HSA-425410;R-HSA-5619049;R-HSA-5619060;R-HSA-5655799;R-HSA-917937
70,Q9NPH5,1,wikipathways,9606,R-HSA-3299685;R-HSA-9702518;R-HSA-9703465
71,Q9NZ45,1,wikipathways,9606,
72,Q9NZZ3,1,wikipathways,9606,R-HSA-162588;R-HSA-917729
73,Q9UBM7,1,GO,9606,R-HSA-2426168;R-HSA-6807047;R-HSA-6807062
74,Q9UKU0,1,kegg;wikipathways,9606,R-HSA-75876
75,Q9ULC5,1,kegg;wikipathways,9606,R-HSA-75876
76,Q9UPY5,1,GO;kegg;wikipathways,9606,R-HSA-210991;R-HSA-352230;R-HSA-9818027
77,Q9Y277,1,kegg;wikipathways,9606,R-HSA-5205685;R-HSA-5689880;R-HSA-8949215
78,Q9Y5S8,1,wikipathways,9606,R-HSA-5668599;R-HSA-9013149;R-HSA-9013423;R-HSA-9673324
79,A0A6I8PU40,0,ferrdb,9606,
80,A1L020,0,ferrdb,9606,
81,A1L3X4,0,ferreg,9606,
82,A5PLL7,0,ferrdb;ferreg,9606,
83,B1AH88,0,ferrdb,9606,
84,B8A405,0,ferreg,9606,
85,O00154,0,ferrdb,9606,R-HSA-77289
86,O00206,0,ferrdb;ferreg,9606,R-HSA-1236974;R-HSA-140534;R-HSA-166016;R-HSA-166058;R-HSA-166166;R-HSA-2562578;R-HSA-5602498;R-HSA-5603041;R-HSA-5686938;R-HSA-936964;R-HSA-937041;R-HSA-937072;R-HSA-9707616;R-HSA-975163;R-HSA-9820960;R-HSA-9824878;R-HSA-9833110
87,O00255,0,ferrdb;ferreg,9606,R-HSA-201722;R-HSA-2173796;R-HSA-3769402;R-HSA-381426;R-HSA-5626467;R-HSA-8957275;R-HSA-9772755
88,O00264,0,ferrdb;ferreg,9606,R-HSA-6798695
89,O00294,0,ferrdb,9606,
90,O00327,0,ferrdb;ferreg,9606,R-HSA-1368108;R-HSA-1989781;R-HSA-400253;R-HSA-9707616;R-HSA-9768919
91,O00391,0,ferrdb;ferreg,9606,R-HSA-114608;R-HSA-381426;R-HSA-6798695;R-HSA-8957275
92,O00425,0,ferrdb;ferreg,9606,R-HSA-428359
93,O00482,0,ferrdb,9606,R-HSA-210747;R-HSA-383280;R-HSA-4090294;R-HSA-9018519
94,O00483,0,ferrdb,9606,R-HSA-5628897;R-HSA-611105;R-HSA-9707564;R-HSA-9864848
95,O00487,0,ferreg,9606,R-HSA-1169091;R-HSA-1234176;R-HSA-1236974;R-HSA-1236978;R-HSA-174084;R-HSA-174113;R-HSA-174154;R-HSA-174178;R-HSA-174184;R-HSA-180534;R-HSA-180585;R-HSA-187577;R-HSA-195253;R-HSA-202424;R-HSA-211733;R-HSA-2467813;R-HSA-2871837;R-HSA-349425;R-HSA-350562;R-HSA-382556;R-HSA-450408;R-HSA-4608870;R-HSA-4641257;R-HSA-4641258;R-HSA-5358346;R-HSA-5362768;R-HSA-5607761;R-HSA-5607764;R-HSA-5610780;R-HSA-5610783;R-HSA-5610785;R-HSA-5632684;R-HSA-5658442;R-HSA-5668541;R-HSA-5676590;R-HSA-5678895;R-HSA-5687128;R-HSA-5689603;R-HSA-5689880;R-HSA-5689901;R-HSA-6798695;R-HSA-68867;R-HSA-68949;R-HSA-69017;R-HSA-69481;R-HSA-69601;R-HSA-75815;R-HSA-8852276;R-HSA-8854050;R-HSA-8939236;R-HSA-8939902;R-HSA-8941858;R-HSA-8948751;R-HSA-8951664;R-HSA-9010553;R-HSA-9020702;R-HSA-9604323;R-HSA-9755511;R-HSA-9762114;R-HSA-9824272;R-HSA-983168;R-HSA-9907900
96,O00625,0,ferrdb;ferreg,9606,R-HSA-8935690
97,O00716,0,ferrdb,9606,R-HSA-1912408;R-HSA-2559580;R-HSA-2559585;R-HSA-68911;R-HSA-69231;R-HSA-9661069
98,O00767,0,ferrdb,9606,R-HSA-2426168;R-HSA-75105;R-HSA-9029558;R-HSA-9841922
99,O14503,0,ferrdb,9606,R-HSA-1368108
100,O14508,0,ferrdb,9606,R-HSA-1266695;R-HSA-8951664;R-HSA-9706369;R-HSA-982772
101,O14521,0,ferrdb,9606,R-HSA-611105;R-HSA-71403;R-HSA-9854311
102,O14604,0,ferrdb;ferreg,9606,
103,O14686,0,ferrdb;ferreg,9606,R-HSA-201722;R-HSA-3214841;R-HSA-3769402;R-HSA-5617472;R-HSA-8936459;R-HSA-9772755;R-HSA-9818564;R-HSA-9841922
104,O14744,0,ferrdb,9606,R-HSA-191859;R-HSA-3214858;R-HSA-6804760
105,O14746,0,ferrdb;ferreg,9606,R-HSA-171319;R-HSA-201722;R-HSA-9825895
106,O14862,0,ferrdb,9606,R-HSA-1834949;R-HSA-844615
107,O14901,0,ferrdb,9606,
108,O14944,0,ferrdb,9606,R-HSA-1227986;R-HSA-1236394;R-HSA-1250196;R-HSA-1250342;R-HSA-1250347;R-HSA-1251985;R-HSA-1257604;R-HSA-177929;R-HSA-179812;R-HSA-180292;R-HSA-180336;R-HSA-182971;R-HSA-1963640;R-HSA-1963642;R-HSA-212718;R-HSA-2219530;R-HSA-5638303;R-HSA-5673001;R-HSA-6785631;R-HSA-6811558;R-HSA-8847993;R-HSA-8856825;R-HSA-8856828;R-HSA-8863795;R-HSA-9009391;R-HSA-9634638;R-HSA-9664565;R-HSA-9665686
109,O14965,0,ferrdb;ferreg,9606,R-HSA-174178;R-HSA-2565942;R-HSA-4615885;R-HSA-6804114;R-HSA-6804756;R-HSA-8854050;R-HSA-8854518;R-HSA-8854521
110,O15047,0,ferrdb,9606,R-HSA-3214841;R-HSA-8936459;R-HSA-9772755
111,O15054,0,ferrdb;ferreg,9606,R-HSA-2559580;R-HSA-3214842;R-HSA-9821002
112,O15055,0,ferrdb,9606,R-HSA-400253
113,O15068,0,ferrdb,9606,R-HSA-193648;R-HSA-416482;R-HSA-8980692;R-HSA-9013026;R-HSA-9013106;R-HSA-9013148;R-HSA-9013149;R-HSA-9013408
114,O15105,0,ferreg,9606,R-HSA-201451;R-HSA-2173788;R-HSA-2173795;R-HSA-2173796;R-HSA-5689603;R-HSA-5689880;R-HSA-877300
115,O15118,0,ferrdb,9606,R-HSA-8964038
116,O15151,0,ferrdb;ferreg,9606,R-HSA-2559580;R-HSA-2559585;R-HSA-5689880;R-HSA-6804756;R-HSA-6804757;R-HSA-6804760;R-HSA-69541
117,O15294,0,ferrdb,9606,R-HSA-3214847;R-HSA-5213460;R-HSA-5675482;R-HSA-5689603;R-HSA-9772755
118,O15296,0,ferrdb,9606,R-HSA-2142770
119,O15372,0,ferrdb,9606,R-HSA-156827;R-HSA-72649;R-HSA-72689;R-HSA-72695;R-HSA-72702;R-HSA-72706
120,O15379,0,ferrdb,9606,R-HSA-1368071;R-HSA-193670;R-HSA-1989781;R-HSA-2122947;R-HSA-2151201;R-HSA-2644606;R-HSA-2894862;R-HSA-3214815;R-HSA-350054;R-HSA-381340;R-HSA-390471;R-HSA-400206;R-HSA-400253;R-HSA-5617472;R-HSA-8940973;R-HSA-8943724;R-HSA-9022537;R-HSA-9022692;R-HSA-9029569;R-HSA-9609690;R-HSA-9701898;R-HSA-9707564;R-HSA-9707616;R-HSA-9841922
121,O15382,0,ferrdb;ferreg,9606,R-HSA-70895
122,O15391,0,ferrdb,9606,
123,O15440,0,ferrdb;ferreg,9606,R-HSA-2142850;R-HSA-382556;R-HSA-9748787;R-HSA-9753281
124,O15516,0,ferrdb,9606,R-HSA-1368108;R-HSA-1989781;R-HSA-3214847;R-HSA-400253;R-HSA-9707616
125,O15520,0,ferrdb,9606,R-HSA-109704;R-HSA-1257604;R-HSA-190370;R-HSA-190377;R-HSA-2033519;R-HSA-210747;R-HSA-2219530;R-HSA-5654219;R-HSA-5654221;R-HSA-5654687;R-HSA-5654688;R-HSA-5654689;R-HSA-5654693;R-HSA-5654695;R-HSA-5654699;R-HSA-5654700;R-HSA-5654726;R-HSA-5654727;R-HSA-5655253;R-HSA-5658623;R-HSA-5673001;R-HSA-6811558;R-HSA-9925561
126,O15524,0,ferrdb;ferreg,9606,R-HSA-1266695;R-HSA-1433559;R-HSA-166058;R-HSA-6785807;R-HSA-877300;R-HSA-877312;R-HSA-909733;R-HSA-912694;R-HSA-9674555;R-HSA-9705462;R-HSA-982772;R-HSA-983168
127,O15534,0,ferrdb,9606,R-HSA-400253
128,O15541,0,ferrdb;ferreg,9606,R-HSA-72163
129,O43150,0,ferrdb,9606,
130,O43155,0,ferrdb,9606,R-HSA-5654687
131,O43175,0,ferrdb,9606,R-HSA-977347
132,O43251,0,ferreg,9606,R-HSA-6803529
133,O43255,0,ferrdb;ferreg,9606,R-HSA-373752;R-HSA-5689880;R-HSA-977225;R-HSA-983168
134,O43301,0,ferrdb,9606,R-HSA-3371453
135,O43318,0,ferrdb,9606,R-HSA-1169091;R-HSA-168638;R-HSA-202424;R-HSA-2871837;R-HSA-4086398;R-HSA-445989;R-HSA-450302;R-HSA-450321;R-HSA-5357956;R-HSA-5607764;R-HSA-5689880;R-HSA-9014325;R-HSA-9020702;R-HSA-937042;R-HSA-937072;R-HSA-9645460;R-HSA-9705671;R-HSA-975163
136,O43435,0,ferrdb,9606,R-HSA-9733709
137,O43463,0,ferrdb;ferreg,9606,R-HSA-3214841;R-HSA-427359
138,O43474,0,ferreg,9606,R-HSA-381340;R-HSA-422085;R-HSA-452723;R-HSA-9617828
139,O43504,0,ferrdb;ferreg,9606,R-HSA-1632852;R-HSA-165159;R-HSA-166208;R-HSA-380972;R-HSA-5628897;R-HSA-8943724;R-HSA-9639288
140,O43524,0,ferrdb,9606,R-HSA-1181150;R-HSA-198693;R-HSA-5674400;R-HSA-5687128;R-HSA-6785807;R-HSA-8862803;R-HSA-8952158;R-HSA-9607240;R-HSA-9614399;R-HSA-9614657;R-HSA-9615017;R-HSA-9617629;R-HSA-9617828;R-HSA-9634638;R-HSA-9841251
141,O43623,0,ferrdb,9606,R-HSA-8943724;R-HSA-9856649
142,O43708,0,ferrdb;ferreg,9606,R-HSA-156590;R-HSA-204174;R-HSA-8963684
143,O43889,0,ferrdb;ferreg,9606,R-HSA-8874211
144,O60245,0,ferrdb,9606,R-HSA-114608;R-HSA-8980692;R-HSA-9013026
145,O60248,0,ferrdb,9606,
146,O60285,0,ferreg,9606,R-HSA-6804756
147,O60337,0,ferrdb,9606,R-HSA-901032
148,O60341,0,ferrdb;ferreg,9606,R-HSA-3214815;R-HSA-3214842;R-HSA-5625886;R-HSA-8943724;R-HSA-9018519;R-HSA-9029569;R-HSA-9679191;R-HSA-983231
149,O60356,0,ferrdb;ferreg,9606,
150,O60381,0,ferrdb,9606,
151,O60427,0,ferreg,9606,R-HSA-1989781;R-HSA-2046105;R-HSA-2046106
152,O60493,0,ferrdb,9606,R-HSA-3238698;R-HSA-5689880
153,O60575,0,ferrdb,9606,
154,O60733,0,ferrdb;ferreg,9606,R-HSA-1482788;R-HSA-1482798;R-HSA-1482839;R-HSA-2029485;R-HSA-6811436
155,O60825,0,ferrdb,9606,R-HSA-9634600
156,O60885,0,ferrdb;ferreg,9606,R-HSA-9679191
157,O60931,0,ferrdb,9606,R-HSA-425393;R-HSA-5223345
158,O75030,0,ferrdb,9606,R-HSA-3232118;R-HSA-9824585;R-HSA-9824594;R-HSA-9825892;R-HSA-9825895;R-HSA-9854907;R-HSA-9854909;R-HSA-9856649;R-HSA-9857377;R-HSA-9926550
159,O75077,0,ferrdb;ferreg,9606,R-HSA-5682910
160,O75084,0,ferrdb;ferreg,9606,R-HSA-373080;R-HSA-4086400;R-HSA-4608870;R-HSA-9673324
161,O75143,0,ferrdb;ferreg,9606,R-HSA-1632852
162,O75164,0,ferrdb;ferreg,9606,R-HSA-3214842;R-HSA-5693565;R-HSA-9029569
163,O75190,0,ferrdb;ferreg,9606,R-HSA-3371453
164,O75342,0,ferrdb,9606,R-HSA-2142712
165,O75381,0,ferrdb,9606,R-HSA-8866654;R-HSA-9033241;R-HSA-9603798
166,O75382,0,ferrdb,9606,R-HSA-877300
167,O75385,0,ferrdb;ferreg,9606,R-HSA-1632852;R-HSA-5357905;R-HSA-8854214;R-HSA-8876198;R-HSA-8934903
168,O75390,0,ferrdb;ferreg,9606,R-HSA-1268020;R-HSA-71403;R-HSA-9837999;R-HSA-9854311
169,O75460,0,ferrdb,9606,R-HSA-381070
170,O75506,0,ferrdb,9606,R-HSA-3371511;R-HSA-3371568;R-HSA-3371571
171,O75581,0,ferreg,9606,R-HSA-201681;R-HSA-3772470;R-HSA-4641262;R-HSA-4641263;R-HSA-5340588
172,O75874,0,ferrdb;ferreg,9606,R-HSA-2978092;R-HSA-389542;R-HSA-6798695;R-HSA-9033241;R-HSA-9818025
173,O76021,0,ferrdb,9606,
174,O76061,0,ferrdb,9606,R-HSA-381426;R-HSA-8957275
175,O94759,0,ferrdb,9606,R-HSA-3295583;R-HSA-6798695
176,O94778,0,ferreg,9606,R-HSA-3299685;R-HSA-432047;R-HSA-9925561
177,O94874,0,ferrdb,9606,R-HSA-983168
178,O94907,0,ferrdb;ferreg,9606,R-HSA-201681;R-HSA-3772470;R-HSA-5339717
179,O94925,0,ferrdb,9606,R-HSA-210500;R-HSA-5628897;R-HSA-8964539
180,O95140,0,ferrdb;ferreg,9606,R-HSA-5205685;R-HSA-9013419;R-HSA-983231
181,O95219,0,ferrdb,9606,
182,O95235,0,ferrdb;ferreg,9606,R-HSA-2132295;R-HSA-6811434;R-HSA-68884;R-HSA-983189
183,O95236,0,ferrdb,9606,
184,O95361,0,ferrdb,9606,
185,O95379,0,ferreg,9606,R-HSA-1483255
186,O95398,0,ferrdb,9606,R-HSA-354192;R-HSA-381676;R-HSA-392517;R-HSA-422356
187,O95487,0,ferrdb,9606,R-HSA-1655829;R-HSA-204005;R-HSA-2132295;R-HSA-5694530;R-HSA-9705671;R-HSA-983170
188,O95571,0,ferrdb,9606,R-HSA-1614517
189,O95631,0,ferrdb,9606,R-HSA-373752;R-HSA-376172;R-HSA-418885;R-HSA-418886;R-HSA-418890;R-HSA-428542
190,O95757,0,ferrdb,9606,R-HSA-3371453
191,O95760,0,ferrdb,9606,R-HSA-1257604;R-HSA-5689880;R-HSA-6811558;R-HSA-9014843
192,O95831,0,ferreg,9606,
193,O95864,0,ferrdb;ferreg,9606,R-HSA-2046105;R-HSA-2046106
194,O95881,0,ferrdb,9606,
195,O96019,0,ferrdb,9606,R-HSA-3214847;R-HSA-3214858;R-HSA-5689603;R-HSA-5696394;R-HSA-8939243;R-HSA-9824585;R-HSA-9845323
196,P00338,0,ferrdb,9606,R-HSA-70268;R-HSA-9861718
197,P00390,0,ferreg,9606,R-HSA-2408550;R-HSA-3299685;R-HSA-499943;R-HSA-5628897;R-HSA-9818027
198,P00441,0,ferrdb,9606,R-HSA-114608;R-HSA-3299685;R-HSA-8950505
199,P00533,0,ferrdb;ferreg,9606,R-HSA-1227986;R-HSA-1236382;R-HSA-1236394;R-HSA-1250196;R-HSA-1251932;R-HSA-1257604;R-HSA-177929;R-HSA-179812;R-HSA-180292;R-HSA-180336;R-HSA-182971;R-HSA-1963640;R-HSA-1963642;R-HSA-212718;R-HSA-2179392;R-HSA-2219530;R-HSA-445144;R-HSA-5637810;R-HSA-5638303;R-HSA-5673001;R-HSA-6785631;R-HSA-6811558;R-HSA-8847993;R-HSA-8856825;R-HSA-8856828;R-HSA-8857538;R-HSA-8863795;R-HSA-8866910;R-HSA-9009391;R-HSA-9013507;R-HSA-9609690;R-HSA-9634638;R-HSA-9664565;R-HSA-9665348;R-HSA-9665686;R-HSA-9820960
200,P00966,0,ferrdb,9606,R-HSA-70635
201,P01033,0,ferrdb;ferreg,9606,R-HSA-114608;R-HSA-1592389;R-HSA-381426;R-HSA-6783783;R-HSA-6785807;R-HSA-8957275;R-HSA-9839383
202,P01037,0,ferrdb,9606,
203,P01106,0,ferrdb;ferreg,9606,R-HSA-1362277;R-HSA-201556;R-HSA-2122947;R-HSA-2173796;R-HSA-2644606;R-HSA-2894862;R-HSA-4411364;R-HSA-5687128;R-HSA-5689880;R-HSA-6785807;R-HSA-69202;R-HSA-69656;R-HSA-8866911;R-HSA-8951430;R-HSA-9018519;R-HSA-9616222;R-HSA-9818749
204,P01111,0,ferrdb;ferreg,9606,R-HSA-112412;R-HSA-1169092;R-HSA-1236382;R-HSA-1250196;R-HSA-1250347;R-HSA-1433557;R-HSA-167044;R-HSA-171007;R-HSA-179812;R-HSA-180336;R-HSA-186763;R-HSA-1963640;R-HSA-210993;R-HSA-2179392;R-HSA-2424491;R-HSA-2428933;R-HSA-2871796;R-HSA-375165;R-HSA-442982;R-HSA-5218921;R-HSA-5621575;R-HSA-5637810;R-HSA-5654688;R-HSA-5654693;R-HSA-5654699;R-HSA-5654700;R-HSA-5654704;R-HSA-5654706;R-HSA-5654712;R-HSA-5654719;R-HSA-5655253;R-HSA-5655291;R-HSA-5655302;R-HSA-5655332;R-HSA-5658442;R-HSA-5673000;R-HSA-5673001;R-HSA-5674135;R-HSA-5675221;R-HSA-6798695;R-HSA-6802946;R-HSA-6802948;R-HSA-6802952;R-HSA-6802953;R-HSA-6802955;R-HSA-74751;R-HSA-8849471;R-HSA-8851805;R-HSA-9026519;R-HSA-9027284;R-HSA-9028731;R-HSA-9034864;R-HSA-9607240;R-HSA-9634285;R-HSA-9634635;R-HSA-9648002;R-HSA-9649948;R-HSA-9656223;R-HSA-9664565;R-HSA-9665348;R-HSA-9665686;R-HSA-9670439;R-HSA-9673767;R-HSA-9673770;R-HSA-9703465;R-HSA-9703648;R-HSA-9753510;R-HSA-9753512
205,P01112,0,ferrdb;ferreg,9606,R-HSA-112412;R-HSA-1169092;R-HSA-1236382;R-HSA-1250196;R-HSA-1250347;R-HSA-1433557;R-HSA-167044;R-HSA-171007;R-HSA-179812;R-HSA-180336;R-HSA-186763;R-HSA-1963640;R-HSA-210993;R-HSA-2179392;R-HSA-2424491;R-HSA-2428933;R-HSA-2871796;R-HSA-375165;R-HSA-3928662;R-HSA-442982;R-HSA-5218921;R-HSA-5621575;R-HSA-5637810;R-HSA-5654688;R-HSA-5654693;R-HSA-5654699;R-HSA-5654700;R-HSA-5654704;R-HSA-5654706;R-HSA-5654712;R-HSA-5654719;R-HSA-5655253;R-HSA-5655291;R-HSA-5655302;R-HSA-5655332;R-HSA-5658442;R-HSA-5673000;R-HSA-5673001;R-HSA-5674135;R-HSA-5675221;R-HSA-6802946;R-HSA-6802948;R-HSA-6802952;R-HSA-6802953;R-HSA-6802955;R-HSA-74751;R-HSA-8849471;R-HSA-8851805;R-HSA-9026519;R-HSA-9027284;R-HSA-9028731;R-HSA-9034864;R-HSA-9607240;R-HSA-9634285;R-HSA-9634635;R-HSA-9648002;R-HSA-9649948;R-HSA-9656223;R-HSA-9664565;R-HSA-9665348;R-HSA-9665686;R-HSA-9670439;R-HSA-9673767;R-HSA-9673770;R-HSA-9703465;R-HSA-9703648;R-HSA-9753510;R-HSA-9753512
206,P01116,0,ferrdb;ferreg,9606,R-HSA-112412;R-HSA-1169092;R-HSA-1236382;R-HSA-1250196;R-HSA-1250347;R-HSA-1433557;R-HSA-167044;R-HSA-171007;R-HSA-179812;R-HSA-180336;R-HSA-186763;R-HSA-1963640;R-HSA-210993;R-HSA-2179392;R-HSA-2424491;R-HSA-2428933;R-HSA-2871796;R-HSA-375165;R-HSA-4086398;R-HSA-442982;R-HSA-5218921;R-HSA-5621575;R-HSA-5637810;R-HSA-5654688;R-HSA-5654693;R-HSA-5654699;R-HSA-5654700;R-HSA-5654704;R-HSA-5654706;R-HSA-5654712;R-HSA-5654719;R-HSA-5655253;R-HSA-5655291;R-HSA-5655302;R-HSA-5655332;R-HSA-5658442;R-HSA-5673000;R-HSA-5673001;R-HSA-5674135;R-HSA-5675221;R-HSA-6802946;R-HSA-6802948;R-HSA-6802952;R-HSA-6802953;R-HSA-6802955;R-HSA-74751;R-HSA-8849471;R-HSA-8851805;R-HSA-8951936;R-HSA-9026519;R-HSA-9027284;R-HSA-9028731;R-HSA-9034864;R-HSA-9607240;R-HSA-9634285;R-HSA-9634635;R-HSA-9648002;R-HSA-9649948;R-HSA-9656223;R-HSA-9664565;R-HSA-9665348;R-HSA-9665686;R-HSA-9670439;R-HSA-9673767;R-HSA-9673770;R-HSA-9674555;R-HSA-9680350;R-HSA-9703465;R-HSA-9703648;R-HSA-9753510;R-HSA-9753512
207,P01130,0,ferrdb,9606,R-HSA-8856825;R-HSA-8856828;R-HSA-8964026;R-HSA-8964038;R-HSA-975634
208,P01133,0,ferrdb,9606,R-HSA-114608;R-HSA-1227986;R-HSA-1236382;R-HSA-1236394;R-HSA-1250196;R-HSA-1251932;R-HSA-1257604;R-HSA-177929;R-HSA-179812;R-HSA-180292;R-HSA-180336;R-HSA-182971;R-HSA-1963640;R-HSA-1963642;R-HSA-212718;R-HSA-2219530;R-HSA-5637810;R-HSA-5638303;R-HSA-5673001;R-HSA-6785631;R-HSA-6811558;R-HSA-8847993;R-HSA-8856825;R-HSA-8856828;R-HSA-8863795;R-HSA-9009391;R-HSA-9013507;R-HSA-9634638;R-HSA-9664565;R-HSA-9665348;R-HSA-9665686;R-HSA-9725554;R-HSA-9818030;R-HSA-9925561
209,P01137,0,ferrdb;ferreg,9606,R-HSA-114608;R-HSA-168277;R-HSA-202733;R-HSA-2129379;R-HSA-2173788;R-HSA-2173789;R-HSA-2173791;R-HSA-3000170;R-HSA-3000178;R-HSA-3304356;R-HSA-3642279;R-HSA-3645790;R-HSA-3656532;R-HSA-3656535;R-HSA-381340;R-HSA-5689603;R-HSA-6785807;R-HSA-8941855;R-HSA-8941858;R-HSA-8951936;R-HSA-9839389
210,P01189,0,ferrdb,9606,R-HSA-111885;R-HSA-193048;R-HSA-194002;R-HSA-202040;R-HSA-209952;R-HSA-211976;R-HSA-375276;R-HSA-418555;R-HSA-418594;R-HSA-5579031;R-HSA-6785807;R-HSA-9615017;R-HSA-9856649
211,P01375,0,ferrdb,9606,R-HSA-381340;R-HSA-5357786;R-HSA-5357905;R-HSA-5357956;R-HSA-5626978;R-HSA-5668541;R-HSA-6783783;R-HSA-6785807;R-HSA-75893
212,P01562,0,ferrdb;ferreg,9606,R-HSA-909733;R-HSA-912694;R-HSA-933541;R-HSA-9705671;R-HSA-983231;R-HSA-9833109
213,P01563,0,ferrdb;ferreg,9606,R-HSA-909733;R-HSA-912694;R-HSA-933541;R-HSA-9705671;R-HSA-983231;R-HSA-9833109
214,P01566,0,ferrdb;ferreg,9606,R-HSA-909733;R-HSA-912694;R-HSA-933541;R-HSA-9705671;R-HSA-983231;R-HSA-9833109
215,P01567,0,ferrdb;ferreg,9606,R-HSA-909733;R-HSA-912694;R-HSA-933541;R-HSA-9705671;R-HSA-983231;R-HSA-9833109
216,P01568,0,ferrdb;ferreg,9606,R-HSA-909733;R-HSA-912694;R-HSA-933541;R-HSA-9705671;R-HSA-983231;R-HSA-9833109
217,P01569,0,ferrdb;ferreg,9606,R-HSA-909733;R-HSA-912694;R-HSA-933541;R-HSA-9705671;R-HSA-983231;R-HSA-9833109
218,P01570,0,ferrdb;ferreg,9606,R-HSA-909733;R-HSA-912694;R-HSA-933541;R-HSA-9705671;R-HSA-983231;R-HSA-9833109
219,P01571,0,ferrdb;ferreg,9606,R-HSA-909733;R-HSA-912694;R-HSA-933541;R-HSA-9705671;R-HSA-983231;R-HSA-9833109
220,P01579,0,ferrdb;ferreg,9606,R-HSA-877300;R-HSA-877312;R-HSA-8877330;R-HSA-8950505;R-HSA-9732724
221,P01584,0,ferreg,9606,R-HSA-448706;R-HSA-5620971;R-HSA-5660668;R-HSA-6783783;R-HSA-6785807;R-HSA-9020702;R-HSA-9660826
222,P02511,0,ferrdb,9606,R-HSA-3371571
223,P02649,0,ferrdb,9606,R-HSA-1251985;R-HSA-3000480;R-HSA-381426;R-HSA-8864260;R-HSA-8957275;R-HSA-8963888;R-HSA-8963901;R-HSA-8964026;R-HSA-8964058;R-HSA-9029569;R-HSA-975634;R-HSA-977225
224,P02654,0,ferrdb,9606,R-HSA-8866423;R-HSA-8964046;R-HSA-9029569
225,P02778,0,ferrdb,9606,R-HSA-380108;R-HSA-418594;R-HSA-6783783
226,P02788,0,ferrdb,9606,R-HSA-1222449;R-HSA-6798695;R-HSA-6799990;R-HSA-6803157;R-HSA-977225
227,P02790,0,ferrdb,9606,R-HSA-2168880
228,P03372,0,ferrdb;ferreg,9606,R-HSA-1251985;R-HSA-1257604;R-HSA-2219530;R-HSA-383280;R-HSA-4090294;R-HSA-5689896;R-HSA-6811558;R-HSA-8866910;R-HSA-8931987;R-HSA-8939211;R-HSA-8939256;R-HSA-8939902;R-HSA-9009391;R-HSA-9018519;R-HSA-9841251
229,P04049,0,ferreg,9606,R-HSA-2672351;R-HSA-392517;R-HSA-430116;R-HSA-5621575;R-HSA-5673000;R-HSA-5674135;R-HSA-5674499;R-HSA-5675221;R-HSA-6802946;R-HSA-6802948;R-HSA-6802952;R-HSA-6802955;R-HSA-9649948;R-HSA-9656223;R-HSA-9726840;R-HSA-9726842;R-HSA-9732724
230,P04179,0,ferrdb;ferreg,9606,R-HSA-2151201;R-HSA-3299685;R-HSA-8862803;R-HSA-8950505;R-HSA-9615017;R-HSA-9841251
231,P04198,0,ferrdb;ferreg,9606,R-HSA-201556;R-HSA-9839394
232,P04233,0,ferrdb,9606,R-HSA-202733;R-HSA-2132295
233,P04424,0,ferrdb,9606,R-HSA-70635
234,P04626,0,ferreg,9606,R-HSA-1227986;R-HSA-1250196;R-HSA-1251932;R-HSA-1257604;R-HSA-1306955;R-HSA-1358803;R-HSA-1963640;R-HSA-1963642;R-HSA-2219530;R-HSA-416572;R-HSA-5673001;R-HSA-6785631;R-HSA-6811558;R-HSA-8847993;R-HSA-8863795;R-HSA-8866910;R-HSA-9634285;R-HSA-9652282;R-HSA-9664565;R-HSA-9665233;R-HSA-9665244;R-HSA-9665245;R-HSA-9665246;R-HSA-9665247;R-HSA-9665249;R-HSA-9665250;R-HSA-9665251;R-HSA-9665348;R-HSA-9665686;R-HSA-9665737
235,P04731,0,ferreg,9606,R-HSA-5661231
236,P05013,0,ferrdb;ferreg,9606,R-HSA-909733;R-HSA-912694;R-HSA-933541;R-HSA-9705671;R-HSA-983231;R-HSA-9833109
237,P05014,0,ferrdb;ferreg,9606,R-HSA-909733;R-HSA-912694;R-HSA-933541;R-HSA-9705671;R-HSA-983231;R-HSA-9833109
238,P05015,0,ferrdb;ferreg,9606,R-HSA-909733;R-HSA-912694;R-HSA-933541;R-HSA-9705671;R-HSA-983231;R-HSA-9833109
239,P05067,0,ferrdb,9606,R-HSA-114608;R-HSA-3000178;R-HSA-381426;R-HSA-416476;R-HSA-418594;R-HSA-432720;R-HSA-444473;R-HSA-445989;R-HSA-844456;R-HSA-879415;R-HSA-8862803;R-HSA-8957275;R-HSA-933542;R-HSA-9609523;R-HSA-9660826;R-HSA-977225;R-HSA-9837999
240,P05091,0,ferrdb,9606,R-HSA-380612;R-HSA-445355;R-HSA-71384;R-HSA-9837999
241,P05106,0,ferrdb,9606,R-HSA-114608;R-HSA-1566948;R-HSA-210990;R-HSA-2129379;R-HSA-216083;R-HSA-2173789;R-HSA-3000170;R-HSA-3000178;R-HSA-354192;R-HSA-354194;R-HSA-372708;R-HSA-4420097;R-HSA-445144;R-HSA-5674135;R-HSA-6802946;R-HSA-6802948;R-HSA-6802952;R-HSA-6802955;R-HSA-9649948;R-HSA-9656223;R-HSA-9856532;R-HSA-9860927
242,P05109,0,ferrdb,9606,R-HSA-1236974;R-HSA-166058;R-HSA-5602498;R-HSA-5603041;R-HSA-5668599;R-HSA-5686938;R-HSA-6798695;R-HSA-6799990
243,P05129,0,ferrdb,9606,R-HSA-111933;R-HSA-114516;R-HSA-416993;R-HSA-418597;R-HSA-5099900;R-HSA-76005
244,P05164,0,ferrdb,9606,R-HSA-6798695;R-HSA-8941413
245,P05181,0,ferrdb,9606,R-HSA-211981;R-HSA-211999;R-HSA-9027307;R-HSA-9749641;R-HSA-9753281
246,P05231,0,ferrdb;ferreg,9606,R-HSA-1059683;R-HSA-110056;R-HSA-112411;R-HSA-2559582;R-HSA-381426;R-HSA-6783783;R-HSA-6785807;R-HSA-8853884;R-HSA-8957275;R-HSA-9660821;R-HSA-9662834
247,P05305,0,ferrdb,9606,R-HSA-375276;R-HSA-416476;R-HSA-9856649
248,P05387,0,ferrdb,9606,R-HSA-156827;R-HSA-156902;R-HSA-1799339;R-HSA-192823;R-HSA-2408557;R-HSA-6791226;R-HSA-72689;R-HSA-72706;R-HSA-72764;R-HSA-9010553;R-HSA-9633012;R-HSA-975956;R-HSA-975957
249,P05412,0,ferrdb;ferreg,9606,R-HSA-1912408;R-HSA-2559580;R-HSA-2559582;R-HSA-2871796;R-HSA-450341;R-HSA-5617472;R-HSA-5687128;R-HSA-6796648;R-HSA-8862803;R-HSA-8943724;R-HSA-9018519;R-HSA-9673324;R-HSA-9725370
250,P05413,0,ferreg,9606,R-HSA-163560
251,P05549,0,ferrdb;ferreg,9606,R-HSA-3232118;R-HSA-8864260;R-HSA-8866904;R-HSA-8866906;R-HSA-8866907;R-HSA-8866910;R-HSA-8866911;R-HSA-8869496;R-HSA-9824585;R-HSA-9834899
252,P05771,0,ferrdb,9606,R-HSA-114516;R-HSA-1169091;R-HSA-416993;R-HSA-418597;R-HSA-4419969;R-HSA-5099900;R-HSA-5218921;R-HSA-5668599;R-HSA-76005;R-HSA-8939246
253,P05783,0,ferrdb,9606,R-HSA-6805567;R-HSA-6809371
254,P06400,0,ferrdb;ferreg,9606,R-HSA-113501;R-HSA-174178;R-HSA-2299718;R-HSA-2559584;R-HSA-2559585;R-HSA-69200;R-HSA-69202;R-HSA-69231;R-HSA-69656;R-HSA-8940973;R-HSA-9661069;R-HSA-9661070;R-HSA-9682706;R-HSA-9687136;R-HSA-9694686;R-HSA-9725371;R-HSA-9841922
255,P06493,0,ferrdb,9606,R-HSA-110056;R-HSA-113507;R-HSA-1362300;R-HSA-162658;R-HSA-170145;R-HSA-174048;R-HSA-174184;R-HSA-176408;R-HSA-176412;R-HSA-176417;R-HSA-2299718;R-HSA-2465910;R-HSA-2500257;R-HSA-2514853;R-HSA-2565942;R-HSA-2980767;R-HSA-2995383;R-HSA-3301854;R-HSA-380259;R-HSA-380270;R-HSA-380284;R-HSA-380320;R-HSA-4419969;R-HSA-5620912;R-HSA-5687128;R-HSA-5689896;R-HSA-6804114;R-HSA-6804757;R-HSA-68875;R-HSA-69205;R-HSA-69273;R-HSA-69478;R-HSA-75035;R-HSA-8852276;R-HSA-8854518;R-HSA-8878166;R-HSA-9833482
256,P06730,0,ferrdb;ferreg,9606,R-HSA-1169408;R-HSA-156827;R-HSA-159227;R-HSA-159230;R-HSA-159231;R-HSA-166208;R-HSA-429947;R-HSA-72649;R-HSA-72662;R-HSA-72702;R-HSA-72706;R-HSA-9820841;R-HSA-9820865
257,P06733,0,ferrdb,9606,R-HSA-70171;R-HSA-70263;R-HSA-9636667
258,P07148,0,ferreg,9606,R-HSA-163560;R-HSA-189483;R-HSA-1989781;R-HSA-400206;R-HSA-9707564
259,P07237,0,ferrdb;ferreg,9606,R-HSA-1650814;R-HSA-264876;R-HSA-3299685;R-HSA-381426;R-HSA-5358346;R-HSA-8866423;R-HSA-8957275;R-HSA-8963888;R-HSA-8964041;R-HSA-9020591;R-HSA-9020933
260,P07711,0,ferreg,9606,R-HSA-1236977;R-HSA-1442490;R-HSA-1474228;R-HSA-1679131;R-HSA-2022090;R-HSA-2132295;R-HSA-8939242;R-HSA-9678110;R-HSA-9694614
261,P07858,0,ferreg,9606,R-HSA-1442490;R-HSA-1679131;R-HSA-2022090;R-HSA-2132295;R-HSA-6798695
262,P07900,0,ferrdb,9606,R-HSA-1227986;R-HSA-1236382;R-HSA-1474151;R-HSA-168928;R-HSA-192905;R-HSA-2029482;R-HSA-203615;R-HSA-2565942;R-HSA-3000484;R-HSA-3371497;R-HSA-3371511;R-HSA-3371568;R-HSA-3371571;R-HSA-380259;R-HSA-380270;R-HSA-380284;R-HSA-380320;R-HSA-399954;R-HSA-4420097;R-HSA-5218920;R-HSA-5336415;R-HSA-5601884;R-HSA-5620912;R-HSA-5637810;R-HSA-5675482;R-HSA-6785807;R-HSA-6798695;R-HSA-8852276;R-HSA-8854518;R-HSA-8863795;R-HSA-8939211;R-HSA-9009391;R-HSA-9013418;R-HSA-9018519;R-HSA-9613829;R-HSA-9634285;R-HSA-9646399;R-HSA-9652282;R-HSA-9664565;R-HSA-9665233;R-HSA-9665244;R-HSA-9665245;R-HSA-9665246;R-HSA-9665247;R-HSA-9665249;R-HSA-9665250;R-HSA-9665251;R-HSA-9665348;R-HSA-9665686;R-HSA-9665737;R-HSA-9679191;R-HSA-9705671;R-HSA-9820962;R-HSA-9834752
263,P07954,0,ferrdb;ferreg,9606,R-HSA-71403;R-HSA-9837999
264,P08047,0,ferrdb;ferreg,9606,R-HSA-1989781;R-HSA-2173796;R-HSA-2426168;R-HSA-2559585;R-HSA-6807505;R-HSA-9018519;R-HSA-9735871;R-HSA-9762293;R-HSA-9818030;R-HSA-9839394
265,P08069,0,ferrdb;ferreg,9606,R-HSA-2404192;R-HSA-2428928;R-HSA-2428933;R-HSA-9009391;R-HSA-9820960
266,P08575,0,ferrdb,9606,R-HSA-202427;R-HSA-416700;R-HSA-6798695
267,P08620,0,ferrdb;ferreg,9606,R-HSA-109704;R-HSA-1257604;R-HSA-1839122;R-HSA-1839130;R-HSA-190322;R-HSA-190372;R-HSA-190373;R-HSA-190375;R-HSA-2033519;R-HSA-2219530;R-HSA-5654219;R-HSA-5654221;R-HSA-5654227;R-HSA-5654228;R-HSA-5654687;R-HSA-5654688;R-HSA-5654689;R-HSA-5654693;R-HSA-5654695;R-HSA-5654699;R-HSA-5654700;R-HSA-5654704;R-HSA-5654706;R-HSA-5654710;R-HSA-5654712;R-HSA-5654719;R-HSA-5654720;R-HSA-5654726;R-HSA-5654727;R-HSA-5654732;R-HSA-5654733;R-HSA-5655253;R-HSA-5655302;R-HSA-5655332;R-HSA-5658623;R-HSA-5673001;R-HSA-6811558;R-HSA-9834899;R-HSA-9925561
268,P09038,0,ferrdb,9606,R-HSA-109704;R-HSA-1257604;R-HSA-1839122;R-HSA-1839130;R-HSA-190322;R-HSA-190370;R-HSA-190372;R-HSA-190373;R-HSA-190375;R-HSA-190377;R-HSA-2033519;R-HSA-2219530;R-HSA-2892247;R-HSA-3000170;R-HSA-3000171;R-HSA-5654219;R-HSA-5654221;R-HSA-5654227;R-HSA-5654228;R-HSA-5654687;R-HSA-5654688;R-HSA-5654689;R-HSA-5654693;R-HSA-5654695;R-HSA-5654699;R-HSA-5654700;R-HSA-5654704;R-HSA-5654706;R-HSA-5654710;R-HSA-5654712;R-HSA-5654719;R-HSA-5654720;R-HSA-5654726;R-HSA-5654727;R-HSA-5654732;R-HSA-5654733;R-HSA-5655253;R-HSA-5655302;R-HSA-5655332;R-HSA-5658623;R-HSA-5673001;R-HSA-6785807;R-HSA-6811558;R-HSA-8851708;R-HSA-9761174;R-HSA-9830364;R-HSA-9839397;R-HSA-9925561
269,P09086,0,ferrdb,9606,R-HSA-6807505
270,P09211,0,ferrdb,9606,R-HSA-156590;R-HSA-3299685;R-HSA-6798695;R-HSA-9753281
271,P09429,0,ferrdb;ferreg,9606,R-HSA-1236974;R-HSA-140342;R-HSA-166058;R-HSA-445989;R-HSA-5602498;R-HSA-5603041;R-HSA-5620971;R-HSA-5686938;R-HSA-6798695;R-HSA-879415;R-HSA-933542
272,P09488,0,ferrdb,9606,R-HSA-156590;R-HSA-9748787;R-HSA-9753281
273,P09622,0,ferrdb;ferreg,9606,R-HSA-204174;R-HSA-5362517;R-HSA-6783984;R-HSA-70895;R-HSA-9837999;R-HSA-9853506;R-HSA-9858328;R-HSA-9859138;R-HSA-9861559;R-HSA-9865113;R-HSA-9907570;R-HSA-9912481;R-HSA-9912529
274,P09874,0,ferrdb;ferreg,9606,R-HSA-110362;R-HSA-192814;R-HSA-2173795;R-HSA-3108214;R-HSA-5685939;R-HSA-5696394;R-HSA-5696395;R-HSA-5696400
275,P09917,0,ferrdb,9606,R-HSA-2142688;R-HSA-2142691;R-HSA-2142700;R-HSA-6785807;R-HSA-6798695;R-HSA-9012546;R-HSA-9018676;R-HSA-9018682;R-HSA-9018896;R-HSA-9020265;R-HSA-9023661;R-HSA-9026286;R-HSA-9026290;R-HSA-9026403;R-HSA-9027604
276,P09958,0,ferrdb;ferreg,9606,R-HSA-1181150;R-HSA-1442490;R-HSA-1566948;R-HSA-1592389;R-HSA-159782;R-HSA-167060;R-HSA-171286;R-HSA-186797;R-HSA-1912420;R-HSA-2173789;R-HSA-2173796;R-HSA-5210891;R-HSA-6809371;R-HSA-8963889;R-HSA-9662834;R-HSA-9679191;R-HSA-9694614;R-HSA-9733458;R-HSA-977225;R-HSA-9820960;R-HSA-9828806
277,P0C7P0,0,ferrdb,9606,
278,P0DMC3,0,ferrdb,9606,
279,P0DMV8,0,ferrdb,9606,R-HSA-168330;R-HSA-3371453;R-HSA-3371497;R-HSA-3371568;R-HSA-3371571;R-HSA-450408;R-HSA-6798695;R-HSA-9833482;R-HSA-9841251
280,P0DMV9,0,ferrdb,9606,R-HSA-3371453;R-HSA-3371497;R-HSA-3371568;R-HSA-3371571;R-HSA-6798695;R-HSA-9833482;R-HSA-9841251
281,P10074,0,ferrdb,9606,
282,P10109,0,ferrdb,9606,R-HSA-1362409;R-HSA-196108;R-HSA-211976;R-HSA-2395516;R-HSA-5579026;R-HSA-9857492
283,P10145,0,ferrdb,9606,R-HSA-2559582;R-HSA-375276;R-HSA-380108;R-HSA-380994;R-HSA-418594;R-HSA-6783783;R-HSA-6785807
284,P10242,0,ferrdb;ferreg,9606,R-HSA-8939236;R-HSA-9018519;R-HSA-9616222;R-HSA-983231;R-HSA-9834899
285,P10275,0,ferrdb;ferreg,9606,R-HSA-3371497;R-HSA-383280;R-HSA-4090294;R-HSA-5625886;R-HSA-5689880;R-HSA-8940973
286,P10415,0,ferrdb,9606,R-HSA-111447;R-HSA-111453;R-HSA-6785807;R-HSA-844455;R-HSA-9018519;R-HSA-9634638;R-HSA-9818030;R-HSA-9824594
287,P10599,0,ferrdb;ferreg,9606,R-HSA-2559580;R-HSA-3299685;R-HSA-499943;R-HSA-5628897;R-HSA-5676934;R-HSA-844456;R-HSA-9617629;R-HSA-9660826;R-HSA-9818027
288,P10620,0,ferrdb;ferreg,9606,R-HSA-156590;R-HSA-5423646;R-HSA-6798695
289,P10914,0,ferrdb,9606,R-HSA-5620971;R-HSA-877300;R-HSA-909733;R-HSA-983231
290,P11021,0,ferrdb;ferreg,9606,R-HSA-114608;R-HSA-3371453;R-HSA-381033;R-HSA-381042;R-HSA-381070;R-HSA-381183;R-HSA-8874177;R-HSA-983170;R-HSA-9909505
291,P11142,0,ferrdb;ferreg,9606,R-HSA-3371453;R-HSA-3371497;R-HSA-3371568;R-HSA-3371571;R-HSA-432720;R-HSA-432722;R-HSA-447041;R-HSA-450408;R-HSA-6785807;R-HSA-6798695;R-HSA-72163;R-HSA-8856828;R-HSA-8876725;R-HSA-888590;R-HSA-9613354;R-HSA-9613829;R-HSA-9615710;R-HSA-9828642;R-HSA-9833482
292,P11172,0,ferrdb,9606,R-HSA-500753
293,P11309,0,ferrdb,9606,R-HSA-6785807;R-HSA-9702518;R-HSA-9703465
294,P11310,0,ferrdb,9606,R-HSA-1989781;R-HSA-77288;R-HSA-77346;R-HSA-77348
295,P11413,0,ferrdb;ferreg,9606,R-HSA-5628897;R-HSA-71336;R-HSA-9818028
296,P11473,0,ferrdb;ferreg,9606,R-HSA-196791;R-HSA-383280;R-HSA-4090294
297,P12277,0,ferrdb,9606,R-HSA-71288;R-HSA-9696264
298,P12644,0,ferrdb,9606,R-HSA-2129379;R-HSA-381426;R-HSA-8957275;R-HSA-9754189;R-HSA-9758920;R-HSA-9761174;R-HSA-9793380;R-HSA-9827857;R-HSA-9830364;R-HSA-9830674;R-HSA-9834899
299,P12830,0,ferrdb;ferreg,9606,R-HSA-1474228;R-HSA-198933;R-HSA-216083;R-HSA-351906;R-HSA-418990;R-HSA-5626467;R-HSA-8876493;R-HSA-9823730;R-HSA-9856649;R-HSA-9926550
300,P12931,0,ferrdb;ferreg,9606,R-HSA-1227986;R-HSA-1251985;R-HSA-1253288;R-HSA-1257604;R-HSA-1295596;R-HSA-1433557;R-HSA-1433559;R-HSA-171007;R-HSA-177929;R-HSA-180292;R-HSA-186763;R-HSA-191650;R-HSA-201556;R-HSA-2029481;R-HSA-210990;R-HSA-2219530;R-HSA-2682334;R-HSA-354192;R-HSA-354194;R-HSA-372708;R-HSA-375165;R-HSA-389356;R-HSA-389513;R-HSA-391160;R-HSA-3928662;R-HSA-3928663;R-HSA-3928664;R-HSA-3928665;R-HSA-418555;R-HSA-418592;R-HSA-418594;R-HSA-418885;R-HSA-418886;R-HSA-428542;R-HSA-430116;R-HSA-437239;R-HSA-4420097;R-HSA-456926;R-HSA-5218921;R-HSA-5607764;R-HSA-5663220;R-HSA-5673000;R-HSA-5674135;R-HSA-6802946;R-HSA-6802948;R-HSA-6802952;R-HSA-6802955;R-HSA-6811558;R-HSA-69231;R-HSA-8853659;R-HSA-8874081;R-HSA-8876493;R-HSA-8934593;R-HSA-8934903;R-HSA-8940973;R-HSA-8941858;R-HSA-9009391;R-HSA-9013420;R-HSA-9032500;R-HSA-9603381;R-HSA-9620244;R-HSA-9634597;R-HSA-9649948;R-HSA-9656223;R-HSA-9664323;R-HSA-9664422;R-HSA-9670439;R-HSA-9680350
301,P13473,0,ferrdb;ferreg,9606,R-HSA-114608;R-HSA-6798695;R-HSA-9613829
302,P13501,0,ferreg,9606,R-HSA-380108;R-HSA-418594;R-HSA-6783783
303,P13640,0,ferrdb;ferreg,9606,R-HSA-5661231
304,P13667,0,ferrdb,9606,
305,P13674,0,ferrdb,9606,R-HSA-1650814
306,P13929,0,ferrdb;ferreg,9606,R-HSA-70171;R-HSA-70263
307,P14618,0,ferrdb,9606,R-HSA-6798695;R-HSA-70171;R-HSA-70268;R-HSA-9861718
308,P14780,0,ferreg,9606,R-HSA-1433557;R-HSA-1442490;R-HSA-1474228;R-HSA-1592389;R-HSA-2022090;R-HSA-3928665;R-HSA-6785807;R-HSA-6798695;R-HSA-9009391
309,P14866,0,ferrdb,9606,R-HSA-72163;R-HSA-72203
310,P14902,0,ferrdb;ferreg,9606,R-HSA-71240
311,P14921,0,ferrdb;ferreg,9606,R-HSA-2559585
312,P14923,0,ferrdb,9606,R-HSA-418990;R-HSA-5218920;R-HSA-6798695;R-HSA-6805567;R-HSA-6809371;R-HSA-8980692;R-HSA-9013026;R-HSA-9013106;R-HSA-9013148;R-HSA-9013406;R-HSA-9013407;R-HSA-9013409;R-HSA-9762292;R-HSA-9764302;R-HSA-9833576
313,P15090,0,ferrdb;ferreg,9606,R-HSA-163560;R-HSA-381340;R-HSA-9841922
314,P15248,0,ferrdb,9606,R-HSA-8985947
315,P15336,0,ferrdb;ferreg,9606,R-HSA-2151201;R-HSA-3214847;R-HSA-400253;R-HSA-450341;R-HSA-6796648;R-HSA-8943724;R-HSA-9018519;R-HSA-9031628;R-HSA-9633012;R-HSA-9707616
316,P15374,0,ferrdb,9606,R-HSA-5689603;R-HSA-8866652;R-HSA-8951664
317,P15407,0,ferrdb,9606,R-HSA-9031628
318,P15884,0,ferrdb,9606,R-HSA-525793;R-HSA-9839394
319,P15941,0,ferrdb;ferreg,9606,R-HSA-5083625;R-HSA-5083632;R-HSA-5083636;R-HSA-5621480;R-HSA-6785807;R-HSA-913709;R-HSA-977068
320,P15976,0,ferrdb,9606,R-HSA-8936459;R-HSA-8939236;R-HSA-983231
321,P16070,0,ferrdb;ferreg,9606,R-HSA-1474228;R-HSA-202733;R-HSA-216083;R-HSA-2160916;R-HSA-6798695;R-HSA-877300
322,P16152,0,ferreg,9606,R-HSA-2162123
323,P16220,0,ferrdb;ferreg,9606,R-HSA-111931;R-HSA-111932;R-HSA-198693;R-HSA-199920;R-HSA-2151201;R-HSA-2197563;R-HSA-375165;R-HSA-400253;R-HSA-442720;R-HSA-442729;R-HSA-442742;R-HSA-5674400;R-HSA-881907;R-HSA-9022692;R-HSA-9022699;R-HSA-9022702;R-HSA-9022707;R-HSA-9031628;R-HSA-9609690;R-HSA-9616222;R-HSA-9634638;R-HSA-9660821;R-HSA-9664323;R-HSA-9707616;R-HSA-9824585;R-HSA-9856649
324,P16234,0,ferrdb;ferreg,9606,R-HSA-1257604;R-HSA-186763;R-HSA-186797;R-HSA-2219530;R-HSA-5673001;R-HSA-6811558;R-HSA-9673767;R-HSA-9673770;R-HSA-9674396;R-HSA-9674401;R-HSA-9674403;R-HSA-9674404;R-HSA-9674428
325,P16444,0,ferrdb;ferreg,9606,R-HSA-2142691;R-HSA-5423646;R-HSA-9664535
326,P16671,0,ferrdb;ferreg,9606,R-HSA-114608;R-HSA-1236973;R-HSA-1236974;R-HSA-166058;R-HSA-168188;R-HSA-1989781;R-HSA-3000471;R-HSA-381340;R-HSA-434313;R-HSA-5602498;R-HSA-5603041;R-HSA-5686938;R-HSA-6785807;R-HSA-6798695;R-HSA-9841922
327,P17066,0,ferrdb,9606,R-HSA-3371453;R-HSA-6798695
328,P17098,0,ferrdb,9606,
329,P17174,0,ferrdb,9606,R-HSA-1237112;R-HSA-8963693;R-HSA-9856872
330,P17252,0,ferrdb;ferreg,9606,R-HSA-111933;R-HSA-114516;R-HSA-1250196;R-HSA-1433557;R-HSA-1433559;R-HSA-2179392;R-HSA-2514859;R-HSA-3000170;R-HSA-399997;R-HSA-4086398;R-HSA-416993;R-HSA-418597;R-HSA-4419969;R-HSA-450520;R-HSA-5099900;R-HSA-5218921;R-HSA-5668599;R-HSA-76005;R-HSA-8853659;R-HSA-9010642
331,P17302,0,ferrdb;ferreg,9606,R-HSA-190704;R-HSA-190827;R-HSA-190840;R-HSA-190861;R-HSA-190873;R-HSA-191650;R-HSA-196025;R-HSA-9013406;R-HSA-9013409;R-HSA-9705677;R-HSA-9856532
332,P17405,0,ferrdb;ferreg,9606,R-HSA-9840310
333,P17483,0,ferreg,9606,R-HSA-5617472;R-HSA-9830364
334,P17535,0,ferrdb;ferreg,9606,R-HSA-9018519;R-HSA-9031628
335,P17844,0,ferrdb,9606,R-HSA-3899300;R-HSA-72163;R-HSA-9018519;R-HSA-9682706;R-HSA-9694686
336,P17947,0,ferrdb;ferreg,9606,R-HSA-8939236;R-HSA-9616222
337,P18054,0,ferrdb,9606,R-HSA-2142696;R-HSA-2142700;R-HSA-2142712;R-HSA-9018677;R-HSA-9025106;R-HSA-9026290
338,P18146,0,ferrdb;ferreg,9606,R-HSA-8943724;R-HSA-9031628;R-HSA-909733
339,P18669,0,ferrdb,9606,R-HSA-6798695;R-HSA-70171;R-HSA-70263
340,P18847,0,ferrdb;ferreg,9606,R-HSA-380994;R-HSA-9633012;R-HSA-9648895
341,P18848,0,ferrdb;ferreg,9606,R-HSA-380994;R-HSA-381042;R-HSA-381183;R-HSA-9633012;R-HSA-9648895;R-HSA-9818027;R-HSA-9818035
342,P18850,0,ferrdb,9606,R-HSA-380994;R-HSA-381033;R-HSA-381183;R-HSA-9909505
343,P19022,0,ferreg,9606,R-HSA-381426;R-HSA-418990;R-HSA-525793;R-HSA-8957275;R-HSA-9926550
344,P19419,0,ferrdb,9606,R-HSA-198753;R-HSA-9031628;R-HSA-9609690;R-HSA-9634638
345,P19440,0,ferrdb;ferreg,9606,R-HSA-174403;R-HSA-2142691;R-HSA-5423646;R-HSA-5579022;R-HSA-9035968;R-HSA-9664535;R-HSA-9753281
346,P19474,0,ferrdb;ferreg,9606,R-HSA-1834941;R-HSA-3134975;R-HSA-877300;R-HSA-9755511;R-HSA-983168
347,P19484,0,ferrdb;ferreg,9606,R-HSA-9856649
348,P19525,0,ferrdb,9606,R-HSA-1169408;R-HSA-169131;R-HSA-4755510;R-HSA-909733;R-HSA-9833109;R-HSA-9833482
349,P19801,0,ferrdb,9606,R-HSA-211945;R-HSA-6798695
350,P20393,0,ferrdb;ferreg,9606,R-HSA-1368071;R-HSA-1989781;R-HSA-2151201;R-HSA-383280;R-HSA-400253;R-HSA-9707616
351,P21399,0,ferrdb;ferreg,9606,R-HSA-389542;R-HSA-917937
352,P21554,0,ferrdb,9606,R-HSA-373076;R-HSA-418594
353,P21580,0,ferrdb;ferreg,9606,R-HSA-168638;R-HSA-5357786;R-HSA-5357905;R-HSA-5357956;R-HSA-5689896;R-HSA-936440
354,P21796,0,ferrdb,9606,R-HSA-1268020;R-HSA-5205685;R-HSA-5689880;R-HSA-70268;R-HSA-8949215
355,P21810,0,ferrdb,9606,R-HSA-1971475;R-HSA-2022870;R-HSA-2022923;R-HSA-2024101;R-HSA-3000178;R-HSA-3560783;R-HSA-3560801;R-HSA-3595172;R-HSA-3595174;R-HSA-3595177;R-HSA-4420332
356,P21912,0,ferrdb,9606,R-HSA-611105;R-HSA-71403;R-HSA-9854311
357,P22301,0,ferrdb,9606,R-HSA-6783783;R-HSA-6785807;R-HSA-8950505;R-HSA-9662834;R-HSA-9664323;R-HSA-9725370
358,P22307,0,ferrdb;ferreg,9606,R-HSA-193368;R-HSA-2046106;R-HSA-389887;R-HSA-9033241;R-HSA-9033500
359,P22352,0,ferrdb,9606,R-HSA-3299685
360,P22455,0,ferrdb,9606,R-HSA-109704;R-HSA-1257604;R-HSA-1307965;R-HSA-1839128;R-HSA-190322;R-HSA-2219530;R-HSA-5654228;R-HSA-5654712;R-HSA-5654719;R-HSA-5654720;R-HSA-5654733;R-HSA-5655291;R-HSA-5673001;R-HSA-6811558
361,P22736,0,ferrdb;ferreg,9606,R-HSA-198693;R-HSA-383280;R-HSA-5674400
362,P22760,0,ferrdb,9606,R-HSA-211945
363,P22830,0,ferrdb,9606,R-HSA-189451;R-HSA-9837999
364,P23142,0,ferrdb,9606,R-HSA-2129379
365,P23526,0,ferrdb;ferreg,9606,R-HSA-156581;R-HSA-1614635;R-HSA-2408508;R-HSA-5578997
366,P23528,0,ferrdb;ferreg,9606,R-HSA-114608;R-HSA-2029482;R-HSA-3928662;R-HSA-399954;R-HSA-5627117;R-HSA-8950505
367,P23760,0,ferreg,9606,R-HSA-3214847;R-HSA-9834899;R-HSA-9856649
368,P23771,0,ferrdb,9606,R-HSA-5689880;R-HSA-6785807;R-HSA-8939236;R-HSA-9018519;R-HSA-9830364;R-HSA-983231
369,P23921,0,ferrdb;ferreg,9606,R-HSA-499943
370,P24310,0,ferrdb,9606,R-HSA-5628897;R-HSA-611105;R-HSA-9707564;R-HSA-9844594;R-HSA-9864848
371,P24468,0,ferrdb,9606,R-HSA-381340
372,P24592,0,ferrdb,9606,R-HSA-381426
373,P25440,0,ferrdb;ferreg,9606,R-HSA-8951936
374,P25490,0,ferrdb,9606,R-HSA-5617472;R-HSA-5689603;R-HSA-5696394;R-HSA-8866910;R-HSA-9018519
375,P25963,0,ferreg,9606,R-HSA-1169091;R-HSA-1810476;R-HSA-202424;R-HSA-209560;R-HSA-2871837;R-HSA-445989;R-HSA-4755510;R-HSA-5603029;R-HSA-5607764;R-HSA-5689880;R-HSA-9020702;R-HSA-933542;R-HSA-9692916;R-HSA-9860927
376,P26012,0,ferreg,9606,R-HSA-2129379;R-HSA-216083;R-HSA-2173789
377,P26583,0,ferrdb,9606,R-HSA-140342
378,P26599,0,ferrdb;ferreg,9606,R-HSA-6803529;R-HSA-72163;R-HSA-72203
379,P26651,0,ferrdb;ferreg,9606,R-HSA-450513
380,P27338,0,ferreg,9606,R-HSA-141333
381,P27361,0,ferrdb,9606,R-HSA-110056;R-HSA-112409;R-HSA-1169408;R-HSA-1181150;R-HSA-1295596;R-HSA-1502540;R-HSA-162658;R-HSA-170968;R-HSA-198753;R-HSA-202670;R-HSA-2029482;R-HSA-2173795;R-HSA-2173796;R-HSA-2559580;R-HSA-2559582;R-HSA-2559585;R-HSA-2871796;R-HSA-3371453;R-HSA-375165;R-HSA-444257;R-HSA-445144;R-HSA-450341;R-HSA-456926;R-HSA-5654726;R-HSA-5654727;R-HSA-5654732;R-HSA-5654733;R-HSA-5663213;R-HSA-5668599;R-HSA-5673001;R-HSA-5674135;R-HSA-5674499;R-HSA-5675221;R-HSA-6802946;R-HSA-6802948;R-HSA-6802952;R-HSA-6802955;R-HSA-6811558;R-HSA-73728;R-HSA-74749;R-HSA-877300;R-HSA-879415;R-HSA-881907;R-HSA-8939211;R-HSA-8940973;R-HSA-8943724;R-HSA-9627069;R-HSA-9634638;R-HSA-9635465;R-HSA-9649948;R-HSA-9652169;R-HSA-9656223;R-HSA-9664422;R-HSA-9725371;R-HSA-9732724;R-HSA-9768919;R-HSA-982772;R-HSA-9842640;R-HSA-9856649
382,P27701,0,ferreg,9606,
383,P27708,0,ferrdb,9606,R-HSA-500753
384,P27815,0,ferrdb,9606,R-HSA-180024;R-HSA-418555
385,P28300,0,ferrdb,9606,R-HSA-1566948;R-HSA-2243919
386,P28347,0,ferrdb,9606,R-HSA-2032785;R-HSA-8951671;R-HSA-9619665
387,P28358,0,ferrdb,9606,
388,P28482,0,ferrdb;ferreg,9606,R-HSA-111995;R-HSA-112409;R-HSA-112411;R-HSA-1181150;R-HSA-1295596;R-HSA-1502540;R-HSA-162658;R-HSA-170968;R-HSA-198753;R-HSA-202670;R-HSA-2029482;R-HSA-2173795;R-HSA-2173796;R-HSA-2559580;R-HSA-2559582;R-HSA-2559585;R-HSA-2871796;R-HSA-3371453;R-HSA-375165;R-HSA-437239;R-HSA-444257;R-HSA-445144;R-HSA-450341;R-HSA-456926;R-HSA-5654726;R-HSA-5654727;R-HSA-5654732;R-HSA-5654733;R-HSA-5663213;R-HSA-5668599;R-HSA-5673001;R-HSA-5674135;R-HSA-5674499;R-HSA-5675221;R-HSA-6798695;R-HSA-6802946;R-HSA-6802948;R-HSA-6802952;R-HSA-6802955;R-HSA-6811558;R-HSA-74749;R-HSA-877300;R-HSA-879415;R-HSA-881907;R-HSA-8939211;R-HSA-8940973;R-HSA-8943724;R-HSA-9627069;R-HSA-9634635;R-HSA-9634638;R-HSA-9635465;R-HSA-9649948;R-HSA-9652169;R-HSA-9652817;R-HSA-9656223;R-HSA-9664422;R-HSA-9725371;R-HSA-9732724;R-HSA-9768919;R-HSA-982772;R-HSA-9842640;R-HSA-9856649
389,P28799,0,ferrdb,9606,R-HSA-6798695
390,P28907,0,ferrdb,9606,R-HSA-196807
391,P29275,0,ferrdb,9606,R-HSA-417973;R-HSA-418555;R-HSA-5683826;R-HSA-9660821
392,P29317,0,ferrdb,9606,R-HSA-2682334;R-HSA-3928663;R-HSA-3928665;R-HSA-9013149;R-HSA-9013404;R-HSA-9013408;R-HSA-9013420;R-HSA-9013423;R-HSA-9013424;R-HSA-9696264;R-HSA-9696270;R-HSA-9696273
393,P29323,0,ferrdb,9606,R-HSA-2682334;R-HSA-373760;R-HSA-3928662;R-HSA-3928664;R-HSA-3928665
394,P29350,0,ferrdb;ferreg,9606,R-HSA-114604;R-HSA-1433559;R-HSA-201556;R-HSA-210990;R-HSA-389948;R-HSA-391160;R-HSA-432142;R-HSA-512988;R-HSA-5690714;R-HSA-6798695;R-HSA-877300;R-HSA-877312;R-HSA-9008059;R-HSA-909733;R-HSA-912526;R-HSA-912694;R-HSA-9705671;R-HSA-9725371;R-HSA-982772;R-HSA-983695;R-HSA-9927353
395,P29375,0,ferrdb;ferreg,9606,R-HSA-3214842;R-HSA-9821002
396,P29558,0,ferrdb;ferreg,9606,
397,P29590,0,ferrdb;ferreg,9606,R-HSA-3108214;R-HSA-3232142;R-HSA-6804758;R-HSA-877300;R-HSA-8934593;R-HSA-8948747;R-HSA-9609690;R-HSA-9616222
398,P30041,0,ferrdb;ferreg,9606,R-HSA-3299685;R-HSA-6798695
399,P30044,0,ferreg,9606,R-HSA-3299685;R-HSA-5628897
400,P30048,0,ferrdb,9606,R-HSA-3299685
401,P30086,0,ferrdb;ferreg,9606,R-HSA-5674135;R-HSA-5675221;R-HSA-6802946;R-HSA-6802948;R-HSA-6802952;R-HSA-6802955;R-HSA-9649948
402,P30260,0,ferrdb,9606,R-HSA-141430;R-HSA-174048;R-HSA-174084;R-HSA-174154;R-HSA-174178;R-HSA-174184;R-HSA-176407;R-HSA-176408;R-HSA-176409;R-HSA-176412;R-HSA-179409;R-HSA-2467813;R-HSA-2559582;R-HSA-68867;R-HSA-69017;R-HSA-8853884;R-HSA-9687136;R-HSA-983168
403,P30279,0,ferreg,9606,R-HSA-69231;R-HSA-8934593;R-HSA-9661069;R-HSA-9754119
404,P30304,0,ferrdb;ferreg,9606,R-HSA-1362277;R-HSA-156711;R-HSA-176187;R-HSA-5689880;R-HSA-69202;R-HSA-69273;R-HSA-69601;R-HSA-69656;R-HSA-8862803
405,P30530,0,ferrdb,9606,R-HSA-4420097
406,P30542,0,ferrdb,9606,R-HSA-417973;R-HSA-418594
407,P30838,0,ferreg,9606,R-HSA-211945
408,P31040,0,ferrdb,9606,R-HSA-611105;R-HSA-71403;R-HSA-9854311
409,P31153,0,ferrdb,9606,R-HSA-156581
410,P31350,0,ferrdb;ferreg,9606,R-HSA-499943;R-HSA-69205;R-HSA-8953750
411,P31749,0,ferrdb;ferreg,9606,R-HSA-111447;R-HSA-1257604;R-HSA-1358803;R-HSA-1445148;R-HSA-1474151;R-HSA-165159;R-HSA-198323;R-HSA-198693;R-HSA-199418;R-HSA-203615;R-HSA-211163;R-HSA-354192;R-HSA-3769402;R-HSA-389357;R-HSA-389513;R-HSA-392451;R-HSA-450385;R-HSA-450604;R-HSA-5218920;R-HSA-5628897;R-HSA-5674400;R-HSA-6785807;R-HSA-6804757;R-HSA-6804758;R-HSA-6804759;R-HSA-6811558;R-HSA-69202;R-HSA-69656;R-HSA-8849469;R-HSA-8876198;R-HSA-8941332;R-HSA-8948751;R-HSA-9009391;R-HSA-9604323;R-HSA-9607240;R-HSA-9614399;R-HSA-9634638;R-HSA-9755511;R-HSA-9755779;R-HSA-9841251;R-HSA-9856530;R-HSA-9856532
412,P32119,0,ferrdb;ferreg,9606,R-HSA-3299685;R-HSA-5628897;R-HSA-8862803
413,P32322,0,ferrdb,9606,R-HSA-8964539
414,P32881,0,ferrdb;ferreg,9606,R-HSA-909733;R-HSA-912694;R-HSA-933541;R-HSA-9705671;R-HSA-983231;R-HSA-9833109
415,P33527,0,ferrdb;ferreg,9606,R-HSA-1660661;R-HSA-189483;R-HSA-2142691;R-HSA-382556;R-HSA-9707564;R-HSA-9753281;R-HSA-9758890;R-HSA-9818032
416,P34931,0,ferrdb,9606,R-HSA-3371453;R-HSA-3371497;R-HSA-3371568;R-HSA-3371571;R-HSA-9833482
417,P34932,0,ferrdb,9606,R-HSA-3371453
418,P34972,0,ferreg,9606,R-HSA-373076;R-HSA-418594
419,P34995,0,ferrdb,9606,R-HSA-391908;R-HSA-416476
420,P35222,0,ferrdb,9606,R-HSA-195253;R-HSA-196299;R-HSA-201681;R-HSA-201722;R-HSA-3134973;R-HSA-351906;R-HSA-3769402;R-HSA-381771;R-HSA-4086398;R-HSA-418990;R-HSA-4411364;R-HSA-4641262;R-HSA-5218920;R-HSA-525793;R-HSA-5339716;R-HSA-5358747;R-HSA-5358749;R-HSA-5358751;R-HSA-5358752;R-HSA-5626467;R-HSA-8853884;R-HSA-8876493;R-HSA-8951430;R-HSA-9733709;R-HSA-9754189;R-HSA-9762292;R-HSA-9764302;R-HSA-9793380;R-HSA-9796292;R-HSA-9823730;R-HSA-9824272;R-HSA-9824585;R-HSA-9825892;R-HSA-9830364;R-HSA-9833576;R-HSA-9834899;R-HSA-9856530;R-HSA-9856649
421,P35228,0,ferrdb;ferreg,9606,R-HSA-1222556;R-HSA-392154;R-HSA-6785807;R-HSA-9033241;R-HSA-9636249
422,P35240,0,ferrdb;ferreg,9606,R-HSA-2029482;R-HSA-5627123
423,P35354,0,ferrdb,9606,R-HSA-197264;R-HSA-2142770;R-HSA-2162123;R-HSA-6783783;R-HSA-6785807;R-HSA-9018677;R-HSA-9018679;R-HSA-9025094;R-HSA-9027604
424,P35367,0,ferrdb,9606,R-HSA-390650;R-HSA-416476
425,P35372,0,ferrdb,9606,R-HSA-111885;R-HSA-202040;R-HSA-375276;R-HSA-418594;R-HSA-6785807;R-HSA-9022699
426,P35613,0,ferrdb,9606,R-HSA-1474228;R-HSA-210991;R-HSA-216083;R-HSA-433692;R-HSA-5619070;R-HSA-9749641
427,P35638,0,ferreg,9606,R-HSA-380994;R-HSA-381183;R-HSA-9614657;R-HSA-9633012;R-HSA-9648895
428,P35869,0,ferrdb,9606,R-HSA-1989781;R-HSA-211945;R-HSA-211976;R-HSA-211981;R-HSA-8937144
429,P35914,0,ferrdb,9606,R-HSA-77111;R-HSA-9033241
430,P35968,0,ferreg,9606,R-HSA-194306;R-HSA-195399;R-HSA-216083;R-HSA-4420097;R-HSA-5218921;R-HSA-9673768;R-HSA-9856530
431,P36776,0,ferrdb;ferreg,9606,R-HSA-9837999;R-HSA-9841251
432,P36888,0,ferrdb;ferreg,9606,R-HSA-109704;R-HSA-1257604;R-HSA-2219530;R-HSA-5673001;R-HSA-6811558;R-HSA-9607240;R-HSA-9645135;R-HSA-9702509;R-HSA-9702518;R-HSA-9702569;R-HSA-9702577;R-HSA-9702581;R-HSA-9702590;R-HSA-9702596;R-HSA-9702600;R-HSA-9702605;R-HSA-9702614;R-HSA-9702620;R-HSA-9702624;R-HSA-9702632;R-HSA-9702636;R-HSA-9702998;R-HSA-9703009;R-HSA-9703648;R-HSA-9706369;R-HSA-9706374;R-HSA-9706377
433,P36896,0,ferrdb;ferreg,9606,R-HSA-1181150;R-HSA-1433617;R-HSA-1502540
434,P36897,0,ferrdb;ferreg,9606,R-HSA-2173788;R-HSA-2173789;R-HSA-2173791;R-HSA-3304356;R-HSA-3645790;R-HSA-3656532;R-HSA-3656535;R-HSA-5689603;R-HSA-5689880;R-HSA-9839389
435,P36955,0,ferrdb,9606,
436,P36956,0,ferrdb;ferreg,9606,R-HSA-1368082;R-HSA-1655829;R-HSA-191273;R-HSA-1989781;R-HSA-2426168;R-HSA-381340;R-HSA-9029558;R-HSA-9615017
437,P37198,0,ferrdb,9606,R-HSA-1169408;R-HSA-159227;R-HSA-159230;R-HSA-159231;R-HSA-159236;R-HSA-165054;R-HSA-168271;R-HSA-168276;R-HSA-168325;R-HSA-168333;R-HSA-170822;R-HSA-180746;R-HSA-180910;R-HSA-191859;R-HSA-3108214;R-HSA-3232142;R-HSA-3301854;R-HSA-3371453;R-HSA-4085377;R-HSA-4551638;R-HSA-4570464;R-HSA-4615885;R-HSA-5578749;R-HSA-5619107;R-HSA-6784531;R-HSA-9609690;R-HSA-9610379;R-HSA-9615933;R-HSA-9705671
438,P37231,0,ferrdb;ferreg,9606,R-HSA-1989781;R-HSA-381340;R-HSA-383280;R-HSA-4090294;R-HSA-8943724;R-HSA-9022707;R-HSA-9841922;R-HSA-9844594
439,P37235,0,ferrdb;ferreg,9606,
440,P37275,0,ferrdb;ferreg,9606,R-HSA-6785807;R-HSA-9926550
441,P37840,0,ferrdb;ferreg,9606,R-HSA-977225;R-HSA-9833482
442,P38398,0,ferrdb,9606,R-HSA-1221632;R-HSA-3108214;R-HSA-5685938;R-HSA-5685942;R-HSA-5689901;R-HSA-5693554;R-HSA-5693565;R-HSA-5693568;R-HSA-5693571;R-HSA-5693579;R-HSA-5693607;R-HSA-5693616;R-HSA-6796648;R-HSA-6804756;R-HSA-69473;R-HSA-8951664;R-HSA-8953750;R-HSA-912446;R-HSA-9663199;R-HSA-9699150;R-HSA-9701192;R-HSA-9704331;R-HSA-9704646;R-HSA-9709570;R-HSA-9709603;R-HSA-9755511;R-HSA-9825895
443,P38646,0,ferrdb,9606,R-HSA-1268020;R-HSA-3371453;R-HSA-6799198;R-HSA-8949613;R-HSA-8950505;R-HSA-9837999;R-HSA-9841251;R-HSA-9865881
444,P38936,0,ferrdb;ferreg,9606,R-HSA-187577;R-HSA-198323;R-HSA-2559582;R-HSA-2559586;R-HSA-5674400;R-HSA-6785807;R-HSA-6804116;R-HSA-69202;R-HSA-69231;R-HSA-69563;R-HSA-69656;R-HSA-69895;R-HSA-8852276;R-HSA-8866911;R-HSA-8878166;R-HSA-8941855;R-HSA-8951664;R-HSA-9616222;R-HSA-9617828;R-HSA-9661069;R-HSA-9702518;R-HSA-9703465;R-HSA-9725370;R-HSA-9755511;R-HSA-9825892
445,P39748,0,ferrdb,9606,R-HSA-110362;R-HSA-162594;R-HSA-174437;R-HSA-5651801;R-HSA-5685939;R-HSA-69166
446,P40121,0,ferrdb,9606,
447,P40763,0,ferrdb;ferreg,9606,R-HSA-1059683;R-HSA-111453;R-HSA-1266695;R-HSA-1433557;R-HSA-1839117;R-HSA-186763;R-HSA-198745;R-HSA-201556;R-HSA-2559582;R-HSA-2586552;R-HSA-2892247;R-HSA-390471;R-HSA-452723;R-HSA-6783783;R-HSA-6785807;R-HSA-8849474;R-HSA-8854691;R-HSA-8875791;R-HSA-8983432;R-HSA-8984722;R-HSA-8985947;R-HSA-9008059;R-HSA-9020933;R-HSA-9020956;R-HSA-9020958;R-HSA-9616222;R-HSA-9670439;R-HSA-9673767;R-HSA-9673770;R-HSA-9674555;R-HSA-9680350;R-HSA-9701898;R-HSA-9705462;R-HSA-9707564;R-HSA-9725370;R-HSA-9725371;R-HSA-982772;R-HSA-9833482
448,P40818,0,ferrdb,9606,R-HSA-1358803;R-HSA-4641263;R-HSA-5689880;R-HSA-6807004
449,P41182,0,ferrdb,9606,R-HSA-6785807;R-HSA-6803205;R-HSA-9614657
450,P41221,0,ferrdb,9606,R-HSA-201681;R-HSA-3238698;R-HSA-373080;R-HSA-3772470;R-HSA-4086398;R-HSA-4086400;R-HSA-4608870;R-HSA-5099900;R-HSA-5140745;R-HSA-8856825;R-HSA-8856828;R-HSA-9673324
451,P41229,0,ferrdb;ferreg,9606,R-HSA-3214842
452,P41235,0,ferrdb,9606,R-HSA-210745;R-HSA-383280;R-HSA-9831926
453,P41595,0,ferrdb,9606,R-HSA-390666;R-HSA-416476
454,P42226,0,ferrdb;ferreg,9606,R-HSA-186763;R-HSA-3249367;R-HSA-6785807
455,P42336,0,ferrdb;ferreg,9606,R-HSA-109704;R-HSA-112399;R-HSA-114604;R-HSA-1236382;R-HSA-1250342;R-HSA-1257604;R-HSA-1433557;R-HSA-1660499;R-HSA-180292;R-HSA-1839117;R-HSA-186763;R-HSA-1963642;R-HSA-198203;R-HSA-201556;R-HSA-202424;R-HSA-2029485;R-HSA-210993;R-HSA-2219530;R-HSA-2424491;R-HSA-2730905;R-HSA-373753;R-HSA-389357;R-HSA-416476;R-HSA-4420097;R-HSA-512988;R-HSA-5637810;R-HSA-5654689;R-HSA-5654695;R-HSA-5654710;R-HSA-5654720;R-HSA-5655253;R-HSA-5655291;R-HSA-5655302;R-HSA-5655332;R-HSA-5673001;R-HSA-6811558;R-HSA-8851907;R-HSA-8853659;R-HSA-9009391;R-HSA-9013149;R-HSA-9013404;R-HSA-9027276;R-HSA-9028335;R-HSA-912526;R-HSA-912631;R-HSA-9603381;R-HSA-9607240;R-HSA-9664565;R-HSA-9665348;R-HSA-9670439;R-HSA-9673767;R-HSA-9673770;R-HSA-9680350;R-HSA-9703465;R-HSA-9703648;R-HSA-9725370;R-HSA-9842640;R-HSA-9842663;R-HSA-9856530;R-HSA-9927354
456,P42345,0,ferrdb;ferreg,9606,R-HSA-1257604;R-HSA-1632852;R-HSA-165159;R-HSA-166208;R-HSA-3371571;R-HSA-380972;R-HSA-389357;R-HSA-5218920;R-HSA-5628897;R-HSA-5674400;R-HSA-6804757;R-HSA-8943724;R-HSA-9639288;R-HSA-9856530
457,P42574,0,ferrdb,9606,R-HSA-111459;R-HSA-111463;R-HSA-111464;R-HSA-111465;R-HSA-111469;R-HSA-140342;R-HSA-1474228;R-HSA-2028269;R-HSA-205025;R-HSA-211736;R-HSA-264870;R-HSA-351906;R-HSA-418889;R-HSA-449836;R-HSA-5620971
458,P42702,0,ferrdb;ferreg,9606,R-HSA-6788467;R-HSA-8939247
459,P42771,0,ferrdb,9606,R-HSA-2559580;R-HSA-2559582;R-HSA-2559585;R-HSA-69231;R-HSA-8853884;R-HSA-9630791;R-HSA-9630794;R-HSA-9632697;R-HSA-9632700;R-HSA-9825892
460,P42898,0,ferrdb,9606,R-HSA-196757
461,P43268,0,ferrdb;ferreg,9606,R-HSA-5687128
462,P45954,0,ferreg,9606,R-HSA-70895;R-HSA-9837999
463,P45973,0,ferrdb,9606,R-HSA-4551638;R-HSA-8953750;R-HSA-983231;R-HSA-9843940
464,P45974,0,ferrdb,9606,R-HSA-5689880;R-HSA-8866652
465,P45983,0,ferrdb;ferreg,9606,R-HSA-111446;R-HSA-139910;R-HSA-193648;R-HSA-205043;R-HSA-2559580;R-HSA-2871796;R-HSA-450321;R-HSA-450341;R-HSA-5693565;R-HSA-9007892;R-HSA-9673324;R-HSA-9725370
466,P45984,0,ferrdb,9606,R-HSA-2559580;R-HSA-2871796;R-HSA-450321;R-HSA-450341;R-HSA-9725370
467,P46934,0,ferrdb;ferreg,9606,R-HSA-1169408;R-HSA-1253288;R-HSA-8948747;R-HSA-8948751;R-HSA-983168
468,P46937,0,ferrdb;ferreg,9606,R-HSA-1251985;R-HSA-2028269;R-HSA-2032785;R-HSA-8939236;R-HSA-8940973;R-HSA-8951671;R-HSA-9619665;R-HSA-9725554;R-HSA-9796292;R-HSA-9819196;R-HSA-9860927
469,P47972,0,ferreg,9606,
470,P48163,0,ferrdb,9606,R-HSA-1989781;R-HSA-70268;R-HSA-9818025;R-HSA-9861718
471,P48201,0,ferrdb;ferreg,9606,R-HSA-163210;R-HSA-8949613
472,P48431,0,ferrdb;ferreg,9606,R-HSA-2892245;R-HSA-2892247;R-HSA-3769402;R-HSA-452723;R-HSA-6785807;R-HSA-8986944;R-HSA-9754189;R-HSA-9823739;R-HSA-9832991;R-HSA-9834899;R-HSA-9856649;R-HSA-9926550
473,P48443,0,ferrdb,9606,R-HSA-383280;R-HSA-5362517
474,P4850,0,ferrdb,9606,
475,P48723,0,ferrdb,9606,R-HSA-3371453
476,P48735,0,ferrdb;ferreg,9606,R-HSA-2151201;R-HSA-71403;R-HSA-9837999;R-HSA-9854311
477,P48741,0,ferrdb,9606,R-HSA-3371453
478,P49368,0,ferrdb,9606,R-HSA-389957;R-HSA-389960;R-HSA-390450;R-HSA-390471;R-HSA-5620922;R-HSA-6814122
479,P49450,0,ferrdb,9606,R-HSA-141444;R-HSA-2467813;R-HSA-2500257;R-HSA-5663220;R-HSA-606279;R-HSA-68877;R-HSA-9648025
480,P49589,0,ferrdb;ferreg,9606,R-HSA-379716;R-HSA-9725370
481,P49768,0,ferrdb,9606,R-HSA-1251985;R-HSA-1474228;R-HSA-193692;R-HSA-205043;R-HSA-2122948;R-HSA-2644606;R-HSA-2894862;R-HSA-2979096;R-HSA-3928665;R-HSA-6798695;R-HSA-9013507;R-HSA-9013700;R-HSA-9017802;R-HSA-9839383
482,P49810,0,ferrdb,9606,R-HSA-1251985;R-HSA-193692;R-HSA-205043;R-HSA-2122948;R-HSA-2644606;R-HSA-2894862;R-HSA-2979096;R-HSA-3928665;R-HSA-9013507;R-HSA-9013700;R-HSA-9017802;R-HSA-9839383
483,P49841,0,ferrdb;ferreg,9606,R-HSA-195253;R-HSA-196299;R-HSA-198323;R-HSA-3371453;R-HSA-399956;R-HSA-4641262;R-HSA-5250924;R-HSA-5339716;R-HSA-5358747;R-HSA-5358749;R-HSA-5358751;R-HSA-5358752;R-HSA-5467337;R-HSA-5467340;R-HSA-5467348;R-HSA-5610783;R-HSA-5610785;R-HSA-5674400;R-HSA-75815;R-HSA-8939902;R-HSA-9683610;R-HSA-9694631;R-HSA-9762114;R-HSA-9856649
484,P49908,0,ferrdb,9606,R-HSA-114608
485,P50052,0,ferrdb,9606,R-HSA-375276;R-HSA-418594
486,P50416,0,ferrdb,9606,R-HSA-1368082;R-HSA-1989781;R-HSA-200425
487,P50553,0,ferrdb,9606,R-HSA-9031628
488,P51114,0,ferrdb,9606,R-HSA-6802952
489,P51572,0,ferrdb,9606,R-HSA-111465;R-HSA-75153;R-HSA-8980692;R-HSA-983170;R-HSA-9833110
490,P51648,0,ferrdb;ferreg,9606,R-HSA-389599;R-HSA-9603798;R-HSA-9609523;R-HSA-9696270;R-HSA-9696273;R-HSA-9845614
491,P51784,0,ferrdb;ferreg,9606,R-HSA-390471;R-HSA-5689880
492,P51843,0,ferrdb,9606,R-HSA-383280
493,P52209,0,ferrdb;ferreg,9606,R-HSA-71336;R-HSA-9818028
494,P52272,0,ferrdb,9606,R-HSA-6803529;R-HSA-72163;R-HSA-72203
495,P52306,0,ferrdb,9606,R-HSA-9013419;R-HSA-9013425
496,P52823,0,ferrdb,9606,
497,P52926,0,ferrdb,9606,R-HSA-2559584
498,P53350,0,ferrdb;ferreg,9606,R-HSA-141444;R-HSA-156711;R-HSA-162658;R-HSA-174178;R-HSA-176412;R-HSA-176417;R-HSA-2299718;R-HSA-2467813;R-HSA-2500257;R-HSA-2565942;R-HSA-2980767;R-HSA-380259;R-HSA-380270;R-HSA-380284;R-HSA-380320;R-HSA-5620912;R-HSA-5663220;R-HSA-68877;R-HSA-68881;R-HSA-68884;R-HSA-69273;R-HSA-8852276;R-HSA-8854518;R-HSA-9648025;R-HSA-9825892
499,P53567,0,ferrdb,9606,R-HSA-380994;R-HSA-9633012;R-HSA-9648895
500,P53985,0,ferrdb,9606,R-HSA-210991;R-HSA-433692;R-HSA-5619070;R-HSA-9749641
501,P54578,0,ferrdb;ferreg,9606,R-HSA-5689880;R-HSA-9758274
502,P54646,0,ferrdb;ferreg,9606,R-HSA-1445148;R-HSA-1632852;R-HSA-163680;R-HSA-200425;R-HSA-2151209;R-HSA-380972;R-HSA-5628897;R-HSA-6804756;R-HSA-9613354;R-HSA-9619483;R-HSA-9759194
503,P54646 ,0,ferrdb,9606,
504,P54652,0,ferrdb,9606,R-HSA-1221632;R-HSA-3371453;R-HSA-3371497;R-HSA-3371568;R-HSA-9833482
505,P54687,0,ferrdb,9606,R-HSA-70895
506,P54764,0,ferrdb,9606,R-HSA-2682334;R-HSA-3928663;R-HSA-3928665;R-HSA-9824272
507,P54826,0,ferrdb,9606,R-HSA-5632681;R-HSA-5635838
508,P54849,0,ferrdb;ferreg,9606,
509,P54851,0,ferrdb,9606,
510,P55042,0,ferrdb,9606,R-HSA-9031628
511,P55058,0,ferrdb,9606,R-HSA-8964058;R-HSA-9029569
512,P55064,0,ferreg,9606,R-HSA-432047
513,P55072,0,ferrdb;ferreg,9606,R-HSA-110320;R-HSA-3371511;R-HSA-382556;R-HSA-532668;R-HSA-5358346;R-HSA-5362768;R-HSA-5678895;R-HSA-5689877;R-HSA-5689896;R-HSA-6798695;R-HSA-8866654;R-HSA-8876725;R-HSA-8951664;R-HSA-9013407;R-HSA-9646399;R-HSA-9678110;R-HSA-9694614;R-HSA-9755511
514,P55087,0,ferrdb,9606,R-HSA-432040;R-HSA-432047
515,P55157,0,ferrdb,9606,R-HSA-8866423;R-HSA-8963888;R-HSA-8964041
516,P55201,0,ferreg,9606,R-HSA-3214847;R-HSA-6804758
517,P55265,0,ferreg,9606,R-HSA-75102;R-HSA-77042;R-HSA-909733;R-HSA-9833482
518,P55283,0,ferrdb,9606,R-HSA-418990;R-HSA-525793
519,P55957,0,ferrdb;ferreg,9606,R-HSA-111447;R-HSA-111452;R-HSA-111453;R-HSA-114294;R-HSA-6803204;R-HSA-75108
520,P56270,0,ferrdb;ferreg,9606,
521,P56282,0,ferrdb,9606,R-HSA-110314;R-HSA-5651801;R-HSA-5656169;R-HSA-5685942;R-HSA-5696397;R-HSA-5696400;R-HSA-6782135;R-HSA-6782210;R-HSA-68952;R-HSA-68962
522,P56589,0,ferreg,9606,R-HSA-1369062;R-HSA-9603798
523,P56693,0,ferrdb,9606,R-HSA-9619665;R-HSA-9764302;R-HSA-9824585;R-HSA-9856649
524,P57073,0,ferrdb,9606,
525,P57721,0,ferreg,9606,
526,P58004,0,ferrdb;ferreg,9606,R-HSA-5628897;R-HSA-9639288;R-HSA-9755511
527,P60484,0,ferrdb;ferreg,9606,R-HSA-1660499;R-HSA-1855204;R-HSA-199418;R-HSA-202424;R-HSA-5628897;R-HSA-5674404;R-HSA-5689880;R-HSA-5689896;R-HSA-8943723;R-HSA-8948747;R-HSA-8948751;R-HSA-8986944
528,P60520,0,ferrdb;ferreg,9606,R-HSA-1632852;R-HSA-8854214
529,P60880,0,ferrdb,9606,R-HSA-181429;R-HSA-181430;R-HSA-210500;R-HSA-212676;R-HSA-264642;R-HSA-422356;R-HSA-449836;R-HSA-5250968;R-HSA-5250971;R-HSA-5250992;R-HSA-6798695;R-HSA-888590;R-HSA-9662360
530,P60983,0,ferrdb,9606,
531,P61812,0,ferrdb,9606,R-HSA-114608;R-HSA-2129379;R-HSA-2173789;R-HSA-3000178;R-HSA-9839389
532,P61923,0,ferrdb;ferreg,9606,R-HSA-6807878;R-HSA-6811434
533,P61960,0,ferreg,9606,
534,P61962,0,ferreg,9606,R-HSA-390471;R-HSA-8951664
535,P62328,0,ferrdb;ferreg,9606,R-HSA-114608
536,P62330,0,ferrdb;ferreg,9606,R-HSA-8854214;R-HSA-8856828;R-HSA-8875656
537,P62917,0,ferrdb;ferreg,9606,R-HSA-156827;R-HSA-156902;R-HSA-1799339;R-HSA-192823;R-HSA-2408557;R-HSA-6791226;R-HSA-72689;R-HSA-72706;R-HSA-72764;R-HSA-9010553;R-HSA-9629569;R-HSA-9633012;R-HSA-975956;R-HSA-975957
538,P63027,0,ferrdb,9606,R-HSA-1445148;R-HSA-181429;R-HSA-181430;R-HSA-199992;R-HSA-210500;R-HSA-212676;R-HSA-264642;R-HSA-264876;R-HSA-422356;R-HSA-432720;R-HSA-432722;R-HSA-449836;R-HSA-5250955;R-HSA-5250958;R-HSA-5250981;R-HSA-5250982;R-HSA-5250989;R-HSA-8856825;R-HSA-8856828;R-HSA-888590;R-HSA-9609523;R-HSA-9662360
539,P68431,0,ferrdb,9606,R-HSA-1266695;R-HSA-1912408;R-HSA-201722;R-HSA-212300;R-HSA-2299718;R-HSA-2559580;R-HSA-2559582;R-HSA-3214815;R-HSA-3214841;R-HSA-3214842;R-HSA-3214847;R-HSA-3214858;R-HSA-3247509;R-HSA-427359;R-HSA-427389;R-HSA-427413;R-HSA-5250924;R-HSA-5334118;R-HSA-5578749;R-HSA-5617472;R-HSA-5625886;R-HSA-68616;R-HSA-73728;R-HSA-73772;R-HSA-8936459;R-HSA-8939236;R-HSA-9018519;R-HSA-912446;R-HSA-9609690;R-HSA-9610379;R-HSA-9616222;R-HSA-9710421;R-HSA-977225;R-HSA-9821002;R-HSA-983231;R-HSA-9841922;R-HSA-9843940;R-HSA-9843970;R-HSA-9845323
540,P78423,0,ferrdb,9606,R-HSA-380108;R-HSA-418594
541,P78540,0,ferrdb,9606,R-HSA-70635;R-HSA-9837999
542,P80188,0,ferrdb;ferreg,9606,R-HSA-6785807;R-HSA-6798695;R-HSA-6799990;R-HSA-917937
543,P80217,0,ferrdb,9606,R-HSA-909733
544,P83111,0,ferrdb,9606,
545,P84022,0,ferrdb;ferreg,9606,R-HSA-1181150;R-HSA-1502540;R-HSA-2173788;R-HSA-2173789;R-HSA-2173795;R-HSA-2173796;R-HSA-3304356;R-HSA-3311021;R-HSA-3315487;R-HSA-3656532;R-HSA-5689880;R-HSA-8941855;R-HSA-8952158;R-HSA-9008059;R-HSA-9013695;R-HSA-9615017;R-HSA-9617828;R-HSA-9735871;R-HSA-9754189;R-HSA-9796292;R-HSA-9823730;R-HSA-9839394
546,P85299,0,ferrdb,9606,R-HSA-1257604;R-HSA-389357;R-HSA-5218920;R-HSA-5674400;R-HSA-6804757;R-HSA-9856530
547,P98161,0,ferreg,9606,R-HSA-5620916
548,P98177,0,ferrdb;ferreg,9606,R-HSA-198693;R-HSA-5674400;R-HSA-5689880;R-HSA-9614399;R-HSA-9614657;R-HSA-9615017;R-HSA-9617629;R-HSA-9617828;R-HSA-9733709
549,P98179,0,ferrdb,9606,
550,Q00005,0,ferrdb,9606,
551,Q00059,0,ferrdb;ferreg,9606,R-HSA-163282;R-HSA-2151201;R-HSA-9837999
552,Q00266,0,ferrdb,9606,R-HSA-156581;R-HSA-1614635;R-HSA-2408508;R-HSA-5579024
553,Q00341,0,ferrdb;ferreg,9606,R-HSA-8964011
554,Q00612,0,ferreg,9606,
555,Q00613,0,ferrdb;ferreg,9606,R-HSA-3371453;R-HSA-3371511;R-HSA-3371568;R-HSA-3371571;R-HSA-9646399;R-HSA-9841251
556,Q00653,0,ferrdb;ferreg,9606,R-HSA-1810476;R-HSA-3134963;R-HSA-3214841;R-HSA-445989;R-HSA-448706;R-HSA-4755510;R-HSA-5603029;R-HSA-5607761;R-HSA-5676590;R-HSA-844456;R-HSA-933542;R-HSA-9660826
557,Q00978,0,ferrdb,9606,R-HSA-877300;R-HSA-909733
558,Q00987,0,ferrdb;ferreg,9606,R-HSA-198323;R-HSA-2559580;R-HSA-2559585;R-HSA-3232118;R-HSA-3232142;R-HSA-399719;R-HSA-5674400;R-HSA-5689880;R-HSA-6804756;R-HSA-6804757;R-HSA-6804760;R-HSA-69541;R-HSA-8941858;R-HSA-9725370;R-HSA-9768919
559,Q01094,0,ferrdb,9606,R-HSA-111448;R-HSA-113501;R-HSA-1362277;R-HSA-1362300;R-HSA-139915;R-HSA-1912408;R-HSA-2559580;R-HSA-2559585;R-HSA-6804116;R-HSA-68911;R-HSA-69202;R-HSA-69205;R-HSA-69231;R-HSA-69656;R-HSA-8953750;R-HSA-9616222;R-HSA-9661069
560,Q01581,0,ferrdb;ferreg,9606,R-HSA-191273;R-HSA-1989781;R-HSA-2426168
561,Q01740,0,ferrdb,9606,R-HSA-1614558;R-HSA-217271
562,Q01826,0,ferrdb,9606,R-HSA-111465;R-HSA-4551638
563,Q01954,0,ferrdb;ferreg,9606,
564,Q02127,0,ferrdb;ferreg,9606,R-HSA-500753
565,Q02556,0,ferrdb,9606,R-HSA-877300;R-HSA-909733
566,Q02930,0,ferrdb;ferreg,9606,
567,Q02978,0,ferrdb,9606,R-HSA-428643;R-HSA-9856872
568,Q03135,0,ferrdb;ferreg,9606,R-HSA-163560;R-HSA-203615;R-HSA-203641;R-HSA-210991;R-HSA-4641262;R-HSA-5218920;R-HSA-8980692;R-HSA-9009391;R-HSA-9013026;R-HSA-9013106;R-HSA-9013148;R-HSA-9013149;R-HSA-9013404;R-HSA-9013405;R-HSA-9013406;R-HSA-9013407;R-HSA-9013408;R-HSA-9013409;R-HSA-9013423;R-HSA-9035034;R-HSA-9617828;R-HSA-9696264;R-HSA-9696270;R-HSA-9696273;R-HSA-9735871;R-HSA-9755779
569,Q03181,0,ferrdb;ferreg,9606,R-HSA-200425;R-HSA-383280;R-HSA-5362517
570,Q04206,0,ferrdb;ferreg,9606,R-HSA-1169091;R-HSA-1810476;R-HSA-193692;R-HSA-202424;R-HSA-209560;R-HSA-2559582;R-HSA-2871837;R-HSA-3134963;R-HSA-3214841;R-HSA-381340;R-HSA-445989;R-HSA-448706;R-HSA-4755510;R-HSA-5603029;R-HSA-5607761;R-HSA-5607764;R-HSA-5621575;R-HSA-5660668;R-HSA-844456;R-HSA-8853884;R-HSA-9020702;R-HSA-933542;R-HSA-9660826;R-HSA-9692916;R-HSA-9818749;R-HSA-9860927
571,Q04721,0,ferreg,9606,R-HSA-1912399;R-HSA-1912408;R-HSA-1912420;R-HSA-2197563;R-HSA-2979096;R-HSA-350054;R-HSA-5083630;R-HSA-9013695
572,Q04837,0,ferrdb,9606,R-HSA-2151201;R-HSA-9837999;R-HSA-9913635
573,Q05084,0,ferrdb,9606,
574,Q06124,0,ferrdb,9606,R-HSA-1059683;R-HSA-109704;R-HSA-110056;R-HSA-112411;R-HSA-114604;R-HSA-1170546;R-HSA-1257604;R-HSA-1295596;R-HSA-1433557;R-HSA-180292;R-HSA-186763;R-HSA-210990;R-HSA-210993;R-HSA-2219530;R-HSA-2586552;R-HSA-389513;R-HSA-389948;R-HSA-391160;R-HSA-418886;R-HSA-432142;R-HSA-512988;R-HSA-5654689;R-HSA-5654693;R-HSA-5654695;R-HSA-5654700;R-HSA-5654706;R-HSA-5654710;R-HSA-5654712;R-HSA-5654720;R-HSA-5654726;R-HSA-5654727;R-HSA-5654732;R-HSA-5654733;R-HSA-6811558;R-HSA-877312;R-HSA-8853659;R-HSA-8854691;R-HSA-8865999;R-HSA-8934593;R-HSA-9008059;R-HSA-9028731;R-HSA-909733;R-HSA-912694;R-HSA-936964;R-HSA-9607240;R-HSA-9645135;R-HSA-9674555;R-HSA-9680350;R-HSA-9702518;R-HSA-9703648;R-HSA-9705671;R-HSA-9927353
575,Q06187,0,ferrdb;ferreg,9606,R-HSA-1236974;R-HSA-166058;R-HSA-2029482;R-HSA-2424491;R-HSA-2871809;R-HSA-416476;R-HSA-416482;R-HSA-5602498;R-HSA-5603041;R-HSA-5663213;R-HSA-8964315;R-HSA-9664422;R-HSA-9679191;R-HSA-983695
576,Q06210,0,ferrdb,9606,R-HSA-381038;R-HSA-4085023;R-HSA-446210
577,Q06413,0,ferrdb;ferreg,9606,R-HSA-198753;R-HSA-2151201;R-HSA-400253;R-HSA-525793;R-HSA-9022707;R-HSA-9707616;R-HSA-9733709
578,Q06418,0,ferrdb;ferreg,9606,
579,Q06547,0,ferreg,9606,R-HSA-2151201
580,Q06830,0,ferrdb;ferreg,9606,R-HSA-3299685;R-HSA-5628897;R-HSA-8862803;R-HSA-9818027
581,Q06945,0,ferreg,9606,R-HSA-3769402
582,Q07343,0,ferrdb,9606,R-HSA-180024
583,Q07812,0,ferrdb,9606,R-HSA-111457;R-HSA-114294;R-HSA-5620971;R-HSA-6803204;R-HSA-6804114;R-HSA-8878166;R-HSA-9603505
584,Q07869,0,ferrdb;ferreg,9606,R-HSA-1368082;R-HSA-1368108;R-HSA-1989781;R-HSA-2151201;R-HSA-2426168;R-HSA-381340;R-HSA-383280;R-HSA-400206;R-HSA-400253;R-HSA-4090294;R-HSA-9707564;R-HSA-9707616;R-HSA-9844594
585,Q07955,0,ferrdb;ferreg,9606,R-HSA-159236;R-HSA-72163;R-HSA-72165;R-HSA-72187;R-HSA-72203;R-HSA-73856
586,Q07973,0,ferrdb,9606,R-HSA-196791;R-HSA-211916;R-HSA-5579010
587,Q08050,0,ferrdb,9606,R-HSA-156711;R-HSA-69273;R-HSA-9725371
588,Q08431,0,ferrdb,9606,R-HSA-381426;R-HSA-8957275;R-HSA-977225
589,Q08493,0,ferrdb,9606,R-HSA-180024;R-HSA-418555
590,Q08499,0,ferrdb,9606,R-HSA-180024;R-HSA-418555;R-HSA-9860927
591,Q08J23,0,ferrdb,9606,R-HSA-6782315
592,Q09472,0,ferrdb,9606,R-HSA-1234158;R-HSA-1368082;R-HSA-156711;R-HSA-1912408;R-HSA-1989781;R-HSA-201722;R-HSA-210744;R-HSA-2122947;R-HSA-2173796;R-HSA-2197563;R-HSA-2644606;R-HSA-2894862;R-HSA-3134973;R-HSA-3214847;R-HSA-3371568;R-HSA-381340;R-HSA-3899300;R-HSA-400253;R-HSA-5250924;R-HSA-5617472;R-HSA-5621575;R-HSA-5689901;R-HSA-6804114;R-HSA-6804758;R-HSA-6804760;R-HSA-6811555;R-HSA-8866907;R-HSA-8936459;R-HSA-8939243;R-HSA-8941856;R-HSA-8941858;R-HSA-8951936;R-HSA-9013508;R-HSA-9013695;R-HSA-9018519;R-HSA-9029569;R-HSA-9031628;R-HSA-918233;R-HSA-933541;R-HSA-9614657;R-HSA-9616222;R-HSA-9617629;R-HSA-9701898;R-HSA-9707616;R-HSA-9735871;R-HSA-9759194;R-HSA-9793380;R-HSA-9818026;R-HSA-9818027;R-HSA-9818028;R-HSA-9818030;R-HSA-9818032;R-HSA-9818035;R-HSA-9818749;R-HSA-9819196;R-HSA-9833109;R-HSA-9839394;R-HSA-9841922;R-HSA-9856649
593,Q0VDF9,0,ferrdb,9606,R-HSA-3371453
594,Q12772,0,ferrdb;ferreg,9606,R-HSA-1655829;R-HSA-191273;R-HSA-1989781;R-HSA-2426168;R-HSA-381340;R-HSA-9619665
595,Q12791,0,ferrdb,9606,R-HSA-1296052;R-HSA-418457;R-HSA-9662360;R-HSA-9667769
596,Q12824,0,ferrdb,9606,R-HSA-3214858;R-HSA-8939243;R-HSA-9824585;R-HSA-9845323
597,Q12849,0,ferrdb,9606,R-HSA-192823;R-HSA-9836573
598,Q12899,0,ferrdb;ferreg,9606,R-HSA-877300
599,Q13011,0,ferrdb;ferreg,9606,R-HSA-9033241;R-HSA-9837999
600,Q13085,0,ferrdb,9606,R-HSA-163765;R-HSA-196780;R-HSA-200425;R-HSA-2426168;R-HSA-3371599;R-HSA-75105
601,Q13087,0,ferrdb,9606,R-HSA-9925561
602,Q13093,0,ferrdb,9606,R-HSA-422085
603,Q13127,0,ferrdb,9606,R-HSA-3214815;R-HSA-8943724;R-HSA-9031628;R-HSA-9679191;R-HSA-9768777
604,Q13131,0,ferrdb;ferreg,9606,R-HSA-1632852;R-HSA-380972;R-HSA-5628897;R-HSA-6804756;R-HSA-9619483
605,Q13162,0,ferrdb,9606,R-HSA-6798695
606,Q13207,0,ferrdb,9606,R-HSA-9825892
607,Q13242,0,ferrdb;ferreg,9606,R-HSA-159236;R-HSA-72163;R-HSA-72187;R-HSA-72203;R-HSA-73856
608,Q13275,0,ferreg,9606,
609,Q13283,0,ferrdb,9606,R-HSA-9705671
610,Q13315,0,ferrdb;ferreg,9606,R-HSA-2559586;R-HSA-3371453;R-HSA-349425;R-HSA-5685938;R-HSA-5685942;R-HSA-5693548;R-HSA-5693554;R-HSA-5693565;R-HSA-5693568;R-HSA-5693571;R-HSA-5693579;R-HSA-5693607;R-HSA-5693616;R-HSA-6796648;R-HSA-6803204;R-HSA-6803207;R-HSA-6804756;R-HSA-6804757;R-HSA-6804760;R-HSA-69473;R-HSA-69541;R-HSA-912446;R-HSA-9664873;R-HSA-9701192;R-HSA-9704331;R-HSA-9704646;R-HSA-9709570;R-HSA-9709603
611,Q13485,0,ferrdb,9606,R-HSA-1181150;R-HSA-1502540;R-HSA-201451;R-HSA-2173789;R-HSA-2173795;R-HSA-2173796;R-HSA-3311021;R-HSA-3315487;R-HSA-452723;R-HSA-5689880;R-HSA-8941326;R-HSA-8941855;R-HSA-8952158;R-HSA-9615017;R-HSA-9617828;R-HSA-9733709;R-HSA-9735871;R-HSA-9754189;R-HSA-9823730;R-HSA-9839394;R-HSA-9844594
612,Q13547,0,ferreg,9606,R-HSA-1362277;R-HSA-1362300;R-HSA-1538133;R-HSA-193670;R-HSA-201722;R-HSA-2122947;R-HSA-2173795;R-HSA-2173796;R-HSA-2644606;R-HSA-2894862;R-HSA-3214815;R-HSA-350054;R-HSA-3769402;R-HSA-427389;R-HSA-427413;R-HSA-4551638;R-HSA-4641265;R-HSA-6804758;R-HSA-69205;R-HSA-73762;R-HSA-8936459;R-HSA-8943724;R-HSA-9018519;R-HSA-9022538;R-HSA-9022692;R-HSA-9022699;R-HSA-9022702;R-HSA-9615017;R-HSA-9679191;R-HSA-9701898;R-HSA-9725371;R-HSA-9824594;R-HSA-9825892;R-HSA-983231;R-HSA-9843940;R-HSA-9844594;R-HSA-9845323;R-HSA-9856649
613,Q13562,0,ferrdb,9606,R-HSA-210745;R-HSA-210746
614,Q13620,0,ferreg,9606,R-HSA-110314;R-HSA-5696394;R-HSA-5696395;R-HSA-5696400;R-HSA-6781823;R-HSA-6781827;R-HSA-6782135;R-HSA-6782210;R-HSA-8951664
615,Q13627,0,ferrdb,9606,R-HSA-1538133
616,Q13761,0,ferrdb,9606,R-HSA-4411364;R-HSA-8941855;R-HSA-8941856;R-HSA-8941858;R-HSA-8949275;R-HSA-8951430;R-HSA-8951671;R-HSA-8951911;R-HSA-8951936;R-HSA-8952158
617,Q13822,0,ferrdb;ferreg,9606,R-HSA-199220
618,Q13829,0,ferrdb;ferreg,9606,R-HSA-9696264;R-HSA-9696270
619,Q14011,0,ferrdb;ferreg,9606,
620,Q14103,0,ferrdb,9606,R-HSA-450408;R-HSA-72163;R-HSA-72203
621,Q14114,0,ferrdb,9606,R-HSA-432142;R-HSA-975634
622,Q14145,0,ferrdb;ferreg,9606,R-HSA-5689880;R-HSA-8951664;R-HSA-9679191;R-HSA-9755511;R-HSA-9759194;R-HSA-983168
623,Q14154,0,ferrdb,9606,R-HSA-9840373
624,Q14209,0,ferrdb,9606,R-HSA-2559580;R-HSA-2559585;R-HSA-69231;R-HSA-9661069
625,Q14457,0,ferrdb,9606,R-HSA-1169408;R-HSA-1632852;R-HSA-5689880;R-HSA-9679504;R-HSA-9694676;R-HSA-9705671;R-HSA-983170;R-HSA-9833110
626,Q14494,0,ferrdb,9606,
627,Q14534,0,ferrdb,9606,R-HSA-191273;R-HSA-2426168
628,Q14571,0,ferrdb,9606,R-HSA-112043;R-HSA-114508;R-HSA-139853;R-HSA-1489509;R-HSA-2029485;R-HSA-2871809;R-HSA-381676;R-HSA-4086398;R-HSA-422356;R-HSA-5218921;R-HSA-5578775;R-HSA-5607763;R-HSA-9664323;R-HSA-983695
629,Q14573,0,ferrdb,9606,R-HSA-112043;R-HSA-114508;R-HSA-139853;R-HSA-1489509;R-HSA-2029485;R-HSA-2871809;R-HSA-381676;R-HSA-4086398;R-HSA-422356;R-HSA-5218921;R-HSA-5578775;R-HSA-5607763;R-HSA-9664323;R-HSA-9717207;R-HSA-983695
630,Q14643,0,ferrdb,9606,R-HSA-112043;R-HSA-114508;R-HSA-139853;R-HSA-1489509;R-HSA-2029485;R-HSA-2871809;R-HSA-381676;R-HSA-4086398;R-HSA-418457;R-HSA-422356;R-HSA-5218921;R-HSA-5578775;R-HSA-5607763;R-HSA-9664323;R-HSA-983695
631,Q14653,0,ferrdb,9606,R-HSA-1169408;R-HSA-1606341;R-HSA-168928;R-HSA-3134973;R-HSA-3134975;R-HSA-3270619;R-HSA-877300;R-HSA-9013973;R-HSA-909733;R-HSA-918233;R-HSA-933541;R-HSA-936440;R-HSA-936964;R-HSA-9692916;R-HSA-9705671;R-HSA-9833109
632,Q14680,0,ferrdb;ferreg,9606,
633,Q14693,0,ferrdb;ferreg,9606,R-HSA-1483191;R-HSA-1483213;R-HSA-4419969;R-HSA-75109;R-HSA-9841922
634,Q14767,0,ferrdb,9606,R-HSA-2129379;R-HSA-2173789
635,Q14847,0,ferreg,9606,
636,Q14872,0,ferrdb;ferreg,9606,R-HSA-1989781;R-HSA-2426168;R-HSA-5660489
637,Q14995,0,ferrdb;ferreg,9606,R-HSA-383280
638,Q15006,0,ferrdb;ferreg,9606,
639,Q15007,0,ferrdb;ferreg,9606,R-HSA-72203
640,Q15011,0,ferrdb,9606,R-HSA-380994
641,Q15047,0,ferreg,9606,R-HSA-3214841;R-HSA-9843940;R-HSA-9843970
642,Q15059,0,ferrdb;ferreg,9606,
643,Q15109,0,ferrdb,9606,R-HSA-445989;R-HSA-879415;R-HSA-933542
644,Q15139,0,ferrdb,9606,R-HSA-1660661
645,Q15546,0,ferrdb,9606,
646,Q15554,0,ferrdb,9606,R-HSA-110328;R-HSA-110329;R-HSA-110330;R-HSA-110331;R-HSA-1221632;R-HSA-171306;R-HSA-171319;R-HSA-174411;R-HSA-174414;R-HSA-174417;R-HSA-174430;R-HSA-174437;R-HSA-2559586;R-HSA-9670095
647,Q15717,0,ferrdb;ferreg,9606,R-HSA-450520
648,Q15831,0,ferrdb;ferreg,9606,R-HSA-163680;R-HSA-380972;R-HSA-6804756;R-HSA-9614657
649,Q15848,0,ferrdb;ferreg,9606,R-HSA-163680;R-HSA-381340;R-HSA-9841922
650,Q15853,0,ferrdb,9606,R-HSA-9018519
651,Q15910,0,ferrdb;ferreg,9606,R-HSA-212300;R-HSA-2559580;R-HSA-3214841;R-HSA-5617472;R-HSA-8943724;R-HSA-8953750;R-HSA-9609690;R-HSA-9710421
652,Q16204,0,ferrdb;ferreg,9606,
653,Q16270,0,ferrdb,9606,R-HSA-2559582;R-HSA-381426;R-HSA-8957275
654,Q16534,0,ferrdb,9606,
655,Q16539,0,ferrdb;ferreg,9606,R-HSA-168638;R-HSA-171007;R-HSA-198753;R-HSA-2151209;R-HSA-2559580;R-HSA-418592;R-HSA-432142;R-HSA-4420097;R-HSA-450302;R-HSA-450341;R-HSA-450604;R-HSA-525793;R-HSA-5668599;R-HSA-6798695;R-HSA-6804756;R-HSA-9662834;R-HSA-9824585
656,Q16552,0,ferrdb,9606,R-HSA-448424;R-HSA-6785807;R-HSA-9705671
657,Q16584,0,ferrdb;ferreg,9606,R-HSA-5673000;R-HSA-6802946;R-HSA-6802955;R-HSA-9013148;R-HSA-9013408;R-HSA-9013424;R-HSA-9649948
658,Q16595,0,ferrdb;ferreg,9606,R-HSA-1268020;R-HSA-1362409;R-HSA-9854311;R-HSA-9865881
659,Q16620,0,ferrdb,9606,R-HSA-1257604;R-HSA-187024;R-HSA-2219530;R-HSA-6811558;R-HSA-9024909;R-HSA-9025046;R-HSA-9026357;R-HSA-9026519;R-HSA-9026527;R-HSA-9028335;R-HSA-9028731;R-HSA-9032500;R-HSA-9032759;R-HSA-9032845
660,Q16635,0,ferrdb;ferreg,9606,R-HSA-1268020;R-HSA-1482798
661,Q16654,0,ferrdb;ferreg,9606,R-HSA-204174;R-HSA-5362517;R-HSA-9841922
662,Q16658,0,ferrdb,9606,R-HSA-6785807
663,Q16665,0,ferrdb;ferreg,9606,R-HSA-1234158;R-HSA-1234174;R-HSA-1234176;R-HSA-2122947;R-HSA-400253;R-HSA-5689880;R-HSA-6785807;R-HSA-8849473;R-HSA-8857538;R-HSA-8951664;R-HSA-9701898
664,Q16678,0,ferrdb,9606,R-HSA-211976;R-HSA-2142670;R-HSA-2142816;R-HSA-5579000
665,Q16698,0,ferrdb;ferreg,9606,R-HSA-77288
666,Q16720,0,ferrdb,9606,R-HSA-418359;R-HSA-5578775;R-HSA-936837
667,Q16790,0,ferrdb;ferreg,9606,R-HSA-1234158;R-HSA-1475029
668,Q16832,0,ferrdb;ferreg,9606,R-HSA-3000171
669,Q16878,0,ferrdb;ferreg,9606,R-HSA-1614558
670,Q2NL67,0,ferrdb;ferreg,9606,R-HSA-197264;R-HSA-9683610;R-HSA-9694631
671,Q460N3,0,ferrdb;ferreg,9606,
672,Q460N5,0,ferrdb;ferreg,9606,R-HSA-197264;R-HSA-9683610;R-HSA-9694631
673,Q4KMQ2,0,ferrdb;ferreg,9606,R-HSA-2672351;R-HSA-6798695;R-HSA-9733458
674,Q53EP0,0,ferrdb,9606,
675,Q53GL7,0,ferrdb;ferreg,9606,R-HSA-197264;R-HSA-9683610;R-HSA-9694631
676,Q58F21,0,ferrdb;ferreg,9606,
677,Q5JTC6,0,ferrdb,9606,R-HSA-195253;R-HSA-196299;R-HSA-4641262;R-HSA-5339716;R-HSA-5358747;R-HSA-5358749;R-HSA-5358751;R-HSA-5358752;R-HSA-5467337;R-HSA-5467340;R-HSA-5467348;R-HSA-8951664;R-HSA-9755511
678,Q5JU69,0,ferrdb;ferreg,9606,
679,Q5MJ70,0,ferrdb,9606,
680,Q5MNZ9,0,ferrdb;ferreg,9606,R-HSA-1632852;R-HSA-381038
681,Q5S007,0,ferrdb,9606,R-HSA-8857538
682,Q5T200,0,ferrdb,9606,
683,Q5T447,0,ferrdb,9606,R-HSA-983168
684,Q5XUX0,0,ferrdb,9606,R-HSA-8951664;R-HSA-983168
685,Q5XXA6,0,ferrdb,9606,R-HSA-2672351;R-HSA-9733458
686,Q5ZPR3,0,ferrdb,9606,
687,Q641Q3,0,ferrdb,9606,
688,Q676U5,0,ferrdb;ferreg,9606,R-HSA-1632852
689,Q69YN4,0,ferrdb,9606,
690,Q6B0I6,0,ferrdb,9606,R-HSA-3214842
691,Q6IMN6,0,ferrdb,9606,
692,Q6N021,0,ferrdb,9606,R-HSA-5221030;R-HSA-9827857
693,Q6NSZ9,0,ferrdb,9606,R-HSA-212436
694,Q6NZI2,0,ferrdb,9606,R-HSA-73863;R-HSA-8980692;R-HSA-9013026;R-HSA-9013106
695,Q6P1M0,0,ferrdb,9606,R-HSA-5619108;R-HSA-804914
696,Q6P2P2,0,ferrdb,9606,
697,Q6P589,0,ferrdb,9606,R-HSA-1483255
698,Q6P6C2,0,ferrdb;ferreg,9606,R-HSA-73943
699,Q6PUV4,0,ferrdb,9606,
700,Q6R327,0,ferrdb;ferreg,9606,R-HSA-1257604;R-HSA-389357;R-HSA-5218920;R-HSA-5674400;R-HSA-6804757;R-HSA-9856530
701,Q6TCH7,0,ferrdb;ferreg,9606,R-HSA-5675221
702,Q6UUV7,0,ferrdb,9606,R-HSA-2151201;R-HSA-400253;R-HSA-9707616
703,Q6VVB1,0,ferrdb,9606,R-HSA-3322077;R-HSA-3785653
704,Q6YN16,0,ferrdb,9606,
705,Q6ZMJ2,0,ferrdb,9606,R-HSA-3000480
706,Q6ZNC8,0,ferrdb,9606,R-HSA-1482801;R-HSA-1482839
707,Q6ZWT7,0,ferrdb,9606,R-HSA-1482788;R-HSA-1482839
708,Q71DI3,0,ferrdb,9606,R-HSA-1266695;R-HSA-1912408;R-HSA-201722;R-HSA-212300;R-HSA-2299718;R-HSA-2559580;R-HSA-2559582;R-HSA-3214815;R-HSA-3214841;R-HSA-3214842;R-HSA-3214847;R-HSA-3214858;R-HSA-3247509;R-HSA-427359;R-HSA-427389;R-HSA-427413;R-HSA-5250924;R-HSA-5334118;R-HSA-5578749;R-HSA-5617472;R-HSA-5625886;R-HSA-68616;R-HSA-73728;R-HSA-73772;R-HSA-8936459;R-HSA-8939236;R-HSA-9018519;R-HSA-912446;R-HSA-9609690;R-HSA-9610379;R-HSA-9616222;R-HSA-9710421;R-HSA-977225;R-HSA-9821002;R-HSA-983231;R-HSA-9841922;R-HSA-9843940;R-HSA-9843970;R-HSA-9845323
709,Q76LX8,0,ferrdb;ferreg,9606,R-HSA-5083635;R-HSA-5173214;R-HSA-75892;R-HSA-9845619;R-HSA-9845621
710,Q76N89,0,ferrdb,9606,R-HSA-4641258
711,Q7KZF4,0,ferrdb;ferreg,9606,R-HSA-6802952
712,Q7LBC6,0,ferrdb;ferreg,9606,R-HSA-3214842
713,Q7Z4K8,0,ferrdb;ferreg,9606,R-HSA-877300
714,Q7Z628,0,ferreg,9606,R-HSA-193648;R-HSA-416482;R-HSA-8980692;R-HSA-9013026
715,Q7Z6Z7,0,ferrdb,9606,R-HSA-6798695;R-HSA-983168
716,Q7Z7M9,0,ferrdb,9606,R-HSA-913709
717,Q80TA1,0,ferreg,9606,
718,Q86SK9,0,ferrdb,9606,R-HSA-75105;R-HSA-9619665;R-HSA-9841922
719,Q86SX6,0,ferrdb;ferreg,9606,R-HSA-1362409
720,Q86TI2,0,ferrdb,9606,
721,Q86TL0,0,ferrdb;ferreg,9606,R-HSA-1632852
722,Q86TM6,0,ferrdb,9606,R-HSA-381038;R-HSA-5358346;R-HSA-5362768;R-HSA-901032
723,Q86TX2,0,ferrdb;ferreg,9606,R-HSA-77289
724,Q86U28,0,ferrdb,9606,R-HSA-1362409;R-HSA-9854311
725,Q86U44,0,ferrdb;ferreg,9606,R-HSA-72203
726,Q86UE4,0,ferrdb;ferreg,9606,
727,Q86V86,0,ferrdb,9606,
728,Q86VQ6,0,ferrdb;ferreg,9606,
729,Q86W50,0,ferrdb,9606,
730,Q86WV6,0,ferrdb;ferreg,9606,R-HSA-1834941;R-HSA-3134975;R-HSA-3249367;R-HSA-3270619;R-HSA-6798695;R-HSA-9692916;R-HSA-9705671
731,Q86X55,0,ferrdb,9606,R-HSA-1368082;R-HSA-1368108;R-HSA-1989781;R-HSA-2151201;R-HSA-2426168;R-HSA-3214858;R-HSA-381340;R-HSA-400206;R-HSA-400253;R-HSA-6804114;R-HSA-9018519;R-HSA-9707564;R-HSA-9707616
732,Q86YH6,0,ferrdb;ferreg,9606,R-HSA-2142789
733,Q86YT6,0,ferrdb;ferreg,9606,R-HSA-2122948;R-HSA-2644606;R-HSA-2691232;R-HSA-2894862;R-HSA-2979096;R-HSA-9013507
734,Q8IUX7,0,ferrdb,9606,
735,Q8IV42,0,ferrdb;ferreg,9606,R-HSA-2408557
736,Q8IVP5,0,ferrdb,9606,R-HSA-8934903
737,Q8IWA4,0,ferrdb,9606,R-HSA-5205685;R-HSA-9013419;R-HSA-983231
738,Q8IWR1,0,ferrdb,9606,
739,Q8IWT3,0,ferrdb,9606,R-HSA-8951664
740,Q8IXJ6,0,ferrdb;ferreg,9606,R-HSA-2995383
741,Q8IXQ6,0,ferrdb;ferreg,9606,R-HSA-197264;R-HSA-9683610;R-HSA-9694631
742,Q8IXU6,0,ferrdb,9606,
743,Q8IYT8,0,ferrdb;ferreg,9606,
744,Q8IYU2,0,ferrdb,9606,R-HSA-983168
745,Q8IZF2,0,ferrdb,9606,R-HSA-5683826
746,Q8N0U8,0,ferrdb,9606,R-HSA-6806664
747,Q8N122,0,ferrdb;ferreg,9606,R-HSA-1632852;R-HSA-165159;R-HSA-166208;R-HSA-3371571;R-HSA-380972;R-HSA-5628897;R-HSA-8943724;R-HSA-9639288
748,Q8N138,0,ferrdb,9606,R-HSA-1660661;R-HSA-6798695
749,Q8N271,0,ferrdb;ferreg,9606,
750,Q8N2K0,0,ferrdb;ferreg,9606,R-HSA-426048
751,Q8N370,0,ferrdb,9606,R-HSA-352230
752,Q8N3A8,0,ferrdb;ferreg,9606,R-HSA-197264;R-HSA-9683610;R-HSA-9694631
753,Q8N3J5,0,ferrdb,9606,R-HSA-70895;R-HSA-9912529
754,Q8N4P3,0,ferrdb;ferreg,9606,
755,Q8N5F7,0,ferrdb,9606,R-HSA-72163
756,Q8N5K1,0,ferrdb,9606,
757,Q8N5U1,0,ferrdb;ferreg,9606,
758,Q8N5Y8,0,ferrdb;ferreg,9606,R-HSA-197264;R-HSA-9683610;R-HSA-9694631
759,Q8N6T7,0,ferrdb;ferreg,9606,R-HSA-1912408;R-HSA-5693607
760,Q8N726,0,ferreg,9606,R-HSA-111471;R-HSA-2559580;R-HSA-2559585;R-HSA-3108214;R-HSA-3232118;R-HSA-6804757;R-HSA-69541;R-HSA-8941858;R-HSA-9645722;R-HSA-9646303;R-HSA-9646304;R-HSA-9759194
761,Q8N884,0,ferrdb;ferreg,9606,R-HSA-1834941
762,Q8NAU1,0,ferrdb;ferreg,9606,
763,Q8NBP7,0,ferrdb;ferreg,9606,R-HSA-381426;R-HSA-8866427;R-HSA-8957275;R-HSA-8964038
764,Q8NBQ7,0,ferrdb;ferreg,9606,R-HSA-432047
765,Q8NCA5,0,ferrdb;ferreg,9606,
766,Q8NCD3,0,ferrdb,9606,R-HSA-606279
767,Q8NE86,0,ferrdb,9606,R-HSA-8949215;R-HSA-8949664
768,Q8NER1,0,ferrdb;ferreg,9606,R-HSA-3295583
769,Q8TB72,0,ferreg,9606,R-HSA-8951664
770,Q8TCT0,0,ferrdb,9606,R-HSA-9840309
771,Q8TD20,0,ferrdb,9606,R-HSA-189200
772,Q8TDY2,0,ferrdb;ferreg,9606,R-HSA-1632852
773,Q8TE60,0,ferreg,9606,R-HSA-1474228;R-HSA-5083635;R-HSA-5173214
774,Q8WTS6,0,ferrdb,9606,R-HSA-3214841
775,Q8WUF5,0,ferreg,9606,R-HSA-6804759
776,Q8WUF5 ,0,ferrdb,9606,
777,Q8WUJ3,0,ferrdb,9606,R-HSA-2142850
778,Q8WUK0,0,ferrdb;ferreg,9606,R-HSA-1483148
779,Q8WUX1,0,ferrdb,9606,R-HSA-352230
780,Q8WV92,0,ferrdb;ferreg,9606,
781,Q8WVX9,0,ferrdb;ferreg,9606,R-HSA-9640463
782,Q8WWM9,0,ferrdb;ferreg,9606,R-HSA-203615;R-HSA-8981607
783,Q8WXF7,0,ferrdb,9606,
784,Q8WYB5,0,ferrdb,9606,R-HSA-3214847
785,Q92482,0,ferreg,9606,R-HSA-432040;R-HSA-432047;R-HSA-9725554
786,Q92508,0,ferrdb;ferreg,9606,R-HSA-9856530;R-HSA-9856532;R-HSA-9860927
787,Q92519,0,ferrdb;ferreg,9606,
788,Q92560,0,ferrdb,9606,R-HSA-5689603;R-HSA-5693565
789,Q92574,0,ferrdb;ferreg,9606,R-HSA-1632852;R-HSA-165181;R-HSA-380972;R-HSA-5628897;R-HSA-8854214
790,Q92597,0,ferrdb,9606,R-HSA-6803205
791,Q92598,0,ferrdb;ferreg,9606,R-HSA-3000484;R-HSA-3371453
792,Q92685,0,ferrdb,9606,R-HSA-446193;R-HSA-4720475
793,Q92730,0,ferrdb,9606,R-HSA-399955;R-HSA-416550;R-HSA-416572;R-HSA-9696273
794,Q92747,0,ferrdb,9606,R-HSA-2029482;R-HSA-3928662;R-HSA-5663213;R-HSA-8856828;R-HSA-9664422
795,Q92754,0,ferrdb;ferreg,9606,R-HSA-3232118;R-HSA-8866904;R-HSA-8866906;R-HSA-8866907;R-HSA-8866910;R-HSA-8866911;R-HSA-9827857;R-HSA-9834899
796,Q92786,0,ferrdb,9606,
797,Q92908,0,ferrdb,9606,R-HSA-5683826;R-HSA-9733709;R-HSA-9823730;R-HSA-983231;R-HSA-9925561
798,Q92973,0,ferreg,9606,R-HSA-450513;R-HSA-5620924;R-HSA-9615933
799,Q92985,0,ferrdb;ferreg,9606,R-HSA-3134963;R-HSA-877300;R-HSA-9013973;R-HSA-909733;R-HSA-918233;R-HSA-933541;R-HSA-936964;R-HSA-9705671;R-HSA-975110
800,Q92993,0,ferrdb;ferreg,9606,R-HSA-201722;R-HSA-2559586;R-HSA-3214847;R-HSA-5685938;R-HSA-5685942;R-HSA-5693548;R-HSA-5693554;R-HSA-5693565;R-HSA-5693568;R-HSA-5693571;R-HSA-5693579;R-HSA-5693607;R-HSA-5693616;R-HSA-6804756;R-HSA-69473;R-HSA-9018519;R-HSA-9701192;R-HSA-9704331;R-HSA-9704646;R-HSA-9709570;R-HSA-9709603;R-HSA-9733709
801,Q93009,0,ferrdb;ferreg,9606,R-HSA-5689880;R-HSA-6781823;R-HSA-6781827;R-HSA-6782135;R-HSA-6782210;R-HSA-6804757;R-HSA-8866652;R-HSA-8948747
802,Q969H0,0,ferrdb;ferreg,9606,R-HSA-2122947;R-HSA-2644606;R-HSA-2644607;R-HSA-2894862;R-HSA-390471;R-HSA-8951664;R-HSA-9604323;R-HSA-983168
803,Q969T9,0,ferrdb,9606,
804,Q969V6,0,ferrdb,9606,R-HSA-3899300;R-HSA-5663220
805,Q96A46,0,ferrdb,9606,R-HSA-1362409
806,Q96A54,0,ferrdb,9606,R-HSA-163680
807,Q96AV8,0,ferrdb;ferreg,9606,R-HSA-6804116
808,Q96AX9,0,ferrdb;ferreg,9606,R-HSA-2122948;R-HSA-2644606;R-HSA-2691232;R-HSA-2894862;R-HSA-2979096;R-HSA-5357786;R-HSA-5357905;R-HSA-9013507;R-HSA-983168
809,Q96B36,0,ferrdb,9606,R-HSA-165159;R-HSA-166208;R-HSA-198323;R-HSA-3371571;R-HSA-5674400
810,Q96BD5,0,ferreg,9606,R-HSA-3214815;R-HSA-9679191;R-HSA-983231
811,Q96BH1,0,ferrdb,9606,R-HSA-983168
812,Q96C12,0,ferrdb,9606,
813,Q96C86,0,ferrdb,9606,R-HSA-429958
814,Q96CM8,0,ferrdb;ferreg,9606,R-HSA-77289
815,Q96DX7,0,ferrdb,9606,
816,Q96E52,0,ferrdb,9606,R-HSA-169911;R-HSA-9837999;R-HSA-9840373
817,Q96EB6,0,ferrdb;ferreg,9606,R-HSA-3371453;R-HSA-400253;R-HSA-427359;R-HSA-9617629;R-HSA-9707616;R-HSA-9841922;R-HSA-9854907;R-HSA-9856649
818,Q96EP5,0,ferrdb;ferreg,9606,
819,Q96F44,0,ferrdb,9606,R-HSA-983168
820,Q96FL8,0,ferrdb,9606,R-HSA-425366
821,Q96FL9,0,ferrdb;ferreg,9606,R-HSA-913709
822,Q96FW1,0,ferrdb;ferreg,9606,R-HSA-5689880;R-HSA-5689896
823,Q96G74,0,ferrdb,9606,R-HSA-5689896;R-HSA-936440
824,Q96HS1,0,ferrdb,9606,R-HSA-8934903;R-HSA-9861718
825,Q96K31,0,ferrdb,9606,
826,Q96KJ9,0,ferrdb;ferreg,9606,R-HSA-5628897;R-HSA-611105;R-HSA-9707564;R-HSA-9864848
827,Q96KQ7,0,ferrdb,9606,R-HSA-2559582;R-HSA-3214841;R-HSA-427389;R-HSA-6804760;R-HSA-73762;R-HSA-8853884;R-HSA-8953750;R-HSA-9843970
828,Q96KS0,0,ferrdb;ferreg,9606,R-HSA-1234176
829,Q96MF6,0,ferrdb,9606,R-HSA-611105;R-HSA-9864848
830,Q96MM6,0,ferrdb,9606,R-HSA-3371453
831,Q96MN9,0,ferrdb,9606,
832,Q96MU7,0,ferrdb,9606,
833,Q96N66,0,ferrdb,9606,R-HSA-1482922
834,Q96NZ1,0,ferrdb,9606,
835,Q96P11,0,ferrdb,9606,
836,Q96P20,0,ferrdb,9606,R-HSA-5689901;R-HSA-844456;R-HSA-9660826;R-HSA-9692916;R-HSA-9705671;R-HSA-9707564
837,Q96PH1,0,ferrdb;ferreg,9606,R-HSA-3299685
838,Q96PU5,0,ferrdb;ferreg,9606,R-HSA-162588;R-HSA-2173788;R-HSA-2173795;R-HSA-2672351;R-HSA-983168
839,Q96QD8,0,ferrdb,9606,R-HSA-210500;R-HSA-352230
840,Q96QT4,0,ferrdb,9606,R-HSA-3295583
841,Q96RD6,0,ferrdb;ferreg,9606,R-HSA-112303
842,Q96RD7,0,ferrdb;ferreg,9606,R-HSA-112303;R-HSA-844456;R-HSA-9856530;R-HSA-9856532
843,Q96RI1,0,ferrdb,9606,R-HSA-159418;R-HSA-192105;R-HSA-193368;R-HSA-193807;R-HSA-1989781;R-HSA-211976;R-HSA-383280;R-HSA-4090294
844,Q96RR4,0,ferrdb,9606,R-HSA-111932;R-HSA-442729;R-HSA-9619229;R-HSA-9619483
845,Q96S42,0,ferrdb,9606,R-HSA-1181150;R-HSA-1433617
846,Q96SL4,0,ferrdb,9606,R-HSA-3299685
847,Q96T37,0,ferrdb,9606,
848,Q96T88,0,ferrdb,9606,R-HSA-5334118;R-HSA-9821002
849,Q99497,0,ferrdb;ferreg,9606,R-HSA-3899300;R-HSA-9613829;R-HSA-9615710;R-HSA-9646399
850,Q99538,0,ferrdb;ferreg,9606,R-HSA-1679131;R-HSA-196791;R-HSA-2132295
851,Q99541,0,ferrdb;ferreg,9606,R-HSA-1989781;R-HSA-9613354;R-HSA-9613829;R-HSA-9615710;R-HSA-9841922
852,Q99558,0,ferrdb;ferreg,9606,R-HSA-389357;R-HSA-5607761;R-HSA-5668541;R-HSA-5676590;R-HSA-5676594
853,Q99572,0,ferrdb,9606,R-HSA-139853;R-HSA-418346;R-HSA-844456;R-HSA-9660826;R-HSA-9856532
854,Q99612,0,ferrdb,9606,
855,Q99618,0,ferreg,9606,
856,Q99643,0,ferrdb,9606,R-HSA-611105;R-HSA-71403;R-HSA-9854311
857,Q99811,0,ferreg,9606,
858,Q99814,0,ferrdb;ferreg,9606,R-HSA-1234158;R-HSA-1234174;R-HSA-1234176;R-HSA-452723;R-HSA-8849473;R-HSA-8951664;R-HSA-9664873
859,Q99873,0,ferrdb;ferreg,9606,R-HSA-3214858;R-HSA-6804114;R-HSA-8936459;R-HSA-9009391;R-HSA-9018519;R-HSA-9694631
860,Q99952,0,ferrdb;ferreg,9606,R-HSA-8863795;R-HSA-9008059
861,Q99969,0,ferrdb;ferreg,9606,R-HSA-114608
862,Q99988,0,ferrdb;ferreg,9606,
863,Q99988 ,0,ferrdb,9606,
864,Q9BPX6,0,ferrdb;ferreg,9606,R-HSA-8949215;R-HSA-8949664
865,Q9BPZ7,0,ferrdb,9606,R-HSA-1257604;R-HSA-389357;R-HSA-5218920;R-HSA-5674400;R-HSA-6804757;R-HSA-9856530
866,Q9BQ90,0,ferrdb;ferreg,9606,R-HSA-381038
867,Q9BRK3,0,ferrdb,9606,R-HSA-381426;R-HSA-8957275
868,Q9BRT9,0,ferrdb;ferreg,9606,R-HSA-176974
869,Q9BTV4,0,ferrdb,9606,
870,Q9BUX1,0,ferrdb,9606,R-HSA-174403;R-HSA-9648895
871,Q9BVC4,0,ferrdb;ferreg,9606,R-HSA-1257604;R-HSA-1632852;R-HSA-165159;R-HSA-166208;R-HSA-3371571;R-HSA-380972;R-HSA-389357;R-HSA-5218920;R-HSA-5628897;R-HSA-5674400;R-HSA-6804757;R-HSA-8943724;R-HSA-9639288;R-HSA-9856530
872,Q9BVK8,0,ferrdb,9606,
873,Q9BWD1,0,ferrdb,9606,R-HSA-191273
874,Q9BWH2,0,ferrdb,9606,
875,Q9BX46,0,ferrdb,9606,
876,Q9BX67,0,ferreg,9606,R-HSA-202733;R-HSA-216083
877,Q9BXC0,0,ferrdb;ferreg,9606,R-HSA-3296197;R-HSA-418594
878,Q9BXI9,0,ferrdb,9606,
879,Q9BXJ7,0,ferreg,9606,R-HSA-3359462;R-HSA-3359463;R-HSA-8964011;R-HSA-9758881
880,Q9BXM7,0,ferrdb,9606,R-HSA-5205685;R-HSA-9614657
881,Q9BXU8,0,ferrdb,9606,
882,Q9BXW9,0,ferrdb;ferreg,9606,R-HSA-6783310;R-HSA-6796648
883,Q9BY76,0,ferrdb,9606,R-HSA-1989781;R-HSA-381340;R-HSA-8963889;R-HSA-9762292;R-HSA-9841922
884,Q9BYJ1,0,ferrdb,9606,R-HSA-2142712
885,Q9BYJ9,0,ferrdb;ferreg,9606,
886,Q9BYV9,0,ferrdb,9606,
887,Q9BYW2,0,ferrdb,9606,R-HSA-3214841
888,Q9BZB8,0,ferrdb;ferreg,9606,
889,Q9BZK7,0,ferreg,9606,R-HSA-1368082;R-HSA-1368108;R-HSA-1989781;R-HSA-2122947;R-HSA-2151201;R-HSA-2426168;R-HSA-2644606;R-HSA-2894862;R-HSA-3214815;R-HSA-350054;R-HSA-381340;R-HSA-400206;R-HSA-400253;R-HSA-9022537;R-HSA-9022692;R-HSA-9029569;R-HSA-9609690;R-HSA-9707564;R-HSA-9707616;R-HSA-9841922
890,Q9BZL6,0,ferrdb,9606,R-HSA-1660661
891,Q9C009,0,ferrdb,9606,
892,Q9C029,0,ferrdb,9606,
893,Q9C030,0,ferrdb,9606,R-HSA-877300
894,Q9C098,0,ferrdb,9606,
895,Q9C0B1,0,ferrdb;ferreg,9606,R-HSA-73943
896,Q9C0C7,0,ferrdb,9606,R-HSA-1632852
897,Q9GZU1,0,ferrdb,9606,R-HSA-3295583;R-HSA-917977
898,Q9GZV5,0,ferrdb;ferreg,9606,R-HSA-2028269;R-HSA-2032785;R-HSA-2173795;R-HSA-2173796;R-HSA-5578768;R-HSA-8940973;R-HSA-8951671;R-HSA-9619665
899,Q9H093,0,ferrdb,9606,
900,Q9H0A0,0,ferrdb,9606,R-HSA-6790901
901,Q9H0F6,0,ferrdb,9606,R-HSA-5357786;R-HSA-5357905;R-HSA-5357956;R-HSA-6794361
902,Q9H0J9,0,ferrdb;ferreg,9606,
903,Q9H0R8,0,ferrdb;ferreg,9606,R-HSA-1632852
904,Q9H0W8,0,ferrdb;ferreg,9606,R-HSA-975957
905,Q9H1A3,0,ferrdb,9606,
906,Q9H1K1,0,ferrdb;ferreg,9606,R-HSA-1362409;R-HSA-9694301;R-HSA-9854311;R-HSA-9865881
907,Q9H2X9,0,ferrdb,9606,R-HSA-426117
908,Q9H300,0,ferrdb,9606,R-HSA-8949664
909,Q9H3D4,0,ferrdb;ferreg,9606,R-HSA-139915;R-HSA-5620971;R-HSA-5628897;R-HSA-6803204;R-HSA-6803205;R-HSA-6803207;R-HSA-6803211;R-HSA-6804759;R-HSA-9725554
910,Q9H3M7,0,ferrdb,9606,R-HSA-844456;R-HSA-9617629;R-HSA-9660826;R-HSA-9707564
911,Q9H4W6,0,ferrdb,9606,
912,Q9H5J4,0,ferreg,9606,R-HSA-2426168;R-HSA-75876
913,Q9H6S0,0,ferrdb;ferreg,9606,
914,Q9H7Z7,0,ferrdb,9606,R-HSA-2162123;R-HSA-6798695
915,Q9H857,0,ferrdb;ferreg,9606,
916,Q9H869,0,ferrdb;ferreg,9606,
917,Q9H8M1,0,ferrdb,9606,R-HSA-611105;R-HSA-9864848
918,Q9H936,0,ferrdb,9606,R-HSA-428643;R-HSA-9856872
919,Q9H9Z2,0,ferrdb,9606,R-HSA-452723
920,Q9HAU4,0,ferrdb,9606,R-HSA-201451;R-HSA-2173788;R-HSA-2173795;R-HSA-4608870;R-HSA-4641257;R-HSA-5632684;R-HSA-5689880;R-HSA-8941858;R-HSA-983168
921,Q9HBH7,0,ferrdb;ferreg,9606,
922,Q9HBJ8,0,ferrdb;ferreg,9606,R-HSA-264876
923,Q9HBY0,0,ferrdb;ferreg,9606,R-HSA-5668599;R-HSA-9013149;R-HSA-9013423
924,Q9HBY8,0,ferrdb,9606,R-HSA-2672351
925,Q9HC23,0,ferrdb;ferreg,9606,R-HSA-375276;R-HSA-416476
926,Q9HC24,0,ferrdb;ferreg,9606,
927,Q9HCE5,0,ferrdb;ferreg,9606,R-HSA-72203
928,Q9HD42,0,ferrdb;ferreg,9606,R-HSA-9610379
929,Q9NNW7,0,ferreg,9606,R-HSA-3299685
930,Q9NP58,0,ferrdb;ferreg,9606,R-HSA-1369007;R-HSA-5683371
931,Q9NPF7,0,ferrdb,9606,R-HSA-6785807;R-HSA-9020933
932,Q9NPG1,0,ferreg,9606,R-HSA-373080;R-HSA-4086398;R-HSA-4086400;R-HSA-4608870
933,Q9NPI1,0,ferrdb;ferreg,9606,R-HSA-6804758
934,Q9NQ88,0,ferrdb,9606,R-HSA-5628897
935,Q9NQR1,0,ferrdb,9606,R-HSA-2299718;R-HSA-3214841;R-HSA-6804760
936,Q9NQZ5,0,ferrdb,9606,R-HSA-1483191;R-HSA-2142789;R-HSA-9837999
937,Q9NR21,0,ferrdb;ferreg,9606,
938,Q9NR22,0,ferrdb,9606,
939,Q9NR71,0,ferrdb;ferreg,9606,R-HSA-9840310
940,Q9NRC,0,ferrdb,9606,
941,Q9NRD8,0,ferrdb;ferreg,9606,R-HSA-209968
942,Q9NRD9,0,ferrdb;ferreg,9606,R-HSA-209968
943,Q9NRX1,0,ferrdb;ferreg,9606,R-HSA-6790901;R-HSA-6791226
944,Q9NRZ7,0,ferreg,9606,R-HSA-1483166;R-HSA-6811436
945,Q9NRZ9,0,ferrdb;ferreg,9606,R-HSA-9839394
946,Q9NSA1,0,ferrdb;ferreg,9606,R-HSA-189200;R-HSA-8963889
947,Q9NSK7,0,ferrdb,9606,
948,Q9NT62,0,ferrdb;ferreg,9606,R-HSA-1632852
949,Q9NTG7,0,ferrdb;ferreg,9606,R-HSA-2151201;R-HSA-9615017;R-HSA-9617629;R-HSA-9841251;R-HSA-9854311
950,Q9NUC0,0,ferreg,9606,
951,Q9NWZ5,0,ferrdb,9606,R-HSA-73614
952,Q9NX09,0,ferrdb;ferreg,9606,R-HSA-5628897
953,Q9NX47,0,ferrdb;ferreg,9606,
954,Q9NYA1,0,ferrdb;ferreg,9606,R-HSA-1660661;R-HSA-390471;R-HSA-5218921;R-HSA-9009391;R-HSA-9833482
955,Q9NYP7,0,ferrdb;ferreg,9606,R-HSA-2046105;R-HSA-2046106;R-HSA-75876;R-HSA-9841922
956,Q9NYZ2,0,ferrdb,9606,R-HSA-1362409
957,Q9NZH6,0,ferrdb,9606,R-HSA-9008059;R-HSA-9012546
958,Q9NZI8,0,ferreg,9606,R-HSA-428359;R-HSA-5687128
959,Q9NZJ5,0,ferrdb,9606,R-HSA-381042;R-HSA-9700645;R-HSA-9725370;R-HSA-9755511;R-HSA-9909505
960,Q9NZJ7,0,ferrdb,9606,
961,Q9P003,0,ferrdb,9606,
962,Q9P0U3,0,ferrdb;ferreg,9606,R-HSA-3065679;R-HSA-9035034
963,Q9P0V8,0,ferrdb,9606,
964,Q9P2H5,0,ferrdb;ferreg,9606,
965,Q9UBK2,0,ferrdb,9606,R-HSA-1989781;R-HSA-2151201;R-HSA-2151209;R-HSA-381340;R-HSA-3899300;R-HSA-400253;R-HSA-8939902;R-HSA-9615017;R-HSA-9707616;R-HSA-9841922;R-HSA-9844594;R-HSA-9854907
966,Q9UBN7,0,ferrdb,9606,R-HSA-2122947;R-HSA-2644606;R-HSA-2894862;R-HSA-3371511;R-HSA-350054;R-HSA-5617833;R-HSA-8878166;R-HSA-8940973;R-HSA-9613829;R-HSA-9615710;R-HSA-9646399
967,Q9UBP6,0,ferrdb,9606,R-HSA-6782315
968,Q9UDY8,0,ferrdb;ferreg,9606,R-HSA-1169091;R-HSA-202424;R-HSA-2871837;R-HSA-5607764;R-HSA-5660668
969,Q9UEF7,0,ferrdb,9606,R-HSA-109704;R-HSA-1257604;R-HSA-190374;R-HSA-2219530;R-HSA-5654219;R-HSA-5654687;R-HSA-5654688;R-HSA-5654689;R-HSA-5654693;R-HSA-5654726;R-HSA-5673001;R-HSA-6811558
970,Q9UGB7,0,ferrdb;ferreg,9606,R-HSA-1855183
971,Q9UGI0,0,ferrdb,9606,R-HSA-195253;R-HSA-5689896
972,Q9UGN5,0,ferrdb;ferreg,9606,R-HSA-110362;R-HSA-5685939;R-HSA-5696394;R-HSA-5696395;R-HSA-5696400
973,Q9UHD2,0,ferreg,9606,R-HSA-1606341;R-HSA-168928;R-HSA-3134975;R-HSA-3249367;R-HSA-3270619;R-HSA-5205685;R-HSA-5357786;R-HSA-5357905;R-HSA-9008059;R-HSA-9013973;R-HSA-918233;R-HSA-933541;R-HSA-936440;R-HSA-936964;R-HSA-9679191;R-HSA-9692916;R-HSA-9705671;R-HSA-9824878;R-HSA-9828211
974,Q9UHE8,0,ferrdb,9606,
975,Q9UHQ9,0,ferreg,9606,R-HSA-114608;R-HSA-1237044
976,Q9UI32,0,ferrdb,9606,R-HSA-210500;R-HSA-5628897;R-HSA-8964539
977,Q9UIH9,0,ferrdb;ferreg,9606,R-HSA-1368108
978,Q9UJ72,0,ferrdb,9606,
979,Q9UK97,0,ferreg,9606,R-HSA-8951664;R-HSA-983168
980,Q9UKA1,0,ferrdb,9606,R-HSA-390471;R-HSA-8951664;R-HSA-917937;R-HSA-983168
981,Q9UKK3,0,ferrdb;ferreg,9606,R-HSA-197264;R-HSA-9683610;R-HSA-9694631
982,Q9UKV5,0,ferrdb,9606,R-HSA-532668;R-HSA-901032
983,Q9ULT6,0,ferreg,9606,R-HSA-4641263
984,Q9ULW5,0,ferrdb,9606,R-HSA-8873719
985,Q9UM07,0,ferrdb,9606,R-HSA-3247509
986,Q9UM47,0,ferrdb,9606,R-HSA-1912399;R-HSA-1912408;R-HSA-1912420;R-HSA-350054;R-HSA-5083630;R-HSA-9013507;R-HSA-9013508;R-HSA-9017802
987,Q9UM82,0,ferrdb,9606,R-HSA-5357786;R-HSA-5357905;R-HSA-5357956
988,Q9UMN6,0,ferrdb,9606,R-HSA-3214841;R-HSA-8936459;R-HSA-9772755
989,Q9UMX1,0,ferrdb,9606,R-HSA-5610780;R-HSA-5610783;R-HSA-5610785;R-HSA-5610787;R-HSA-5632684
990,Q9UN76,0,ferrdb,9606,R-HSA-352230;R-HSA-442660;R-HSA-5619094
991,Q9UNN5,0,ferrdb,9606,
992,Q9UP52,0,ferrdb,9606,R-HSA-917977
993,Q9UPT9,0,ferrdb,9606,R-HSA-3214847;R-HSA-5689880
994,Q9UPU5,0,ferrdb,9606,R-HSA-5689880
995,Q9Y239,0,ferrdb,9606,R-HSA-168638;R-HSA-445989;R-HSA-450302;R-HSA-450321;R-HSA-5689896;R-HSA-9020702;R-HSA-9705671
996,Q9Y261,0,ferrdb,9606,R-HSA-210745;R-HSA-9796292;R-HSA-9823730;R-HSA-9925561
997,Q9Y281,0,ferreg,9606,
998,Q9Y2A9,0,ferrdb,9606,R-HSA-2022854;R-HSA-913709
999,Q9Y2K6,0,ferrdb,9606,R-HSA-5689880
1000,Q9Y2P5,0,ferrdb;ferreg,9606,R-HSA-159418;R-HSA-193368;R-HSA-193775
1001,Q9Y336,0,ferreg,9606,R-HSA-198933;R-HSA-6798695
1002,Q9Y3A2,0,ferrdb,9606,R-HSA-6790901;R-HSA-6791226
1003,Q9Y4L1,0,ferrdb,9606,R-HSA-3000484;R-HSA-381038
1004,Q9Y4P8,0,ferrdb;ferreg,9606,R-HSA-1632852
1005,Q9Y572,0,ferrdb,9606,R-HSA-168927;R-HSA-1810476;R-HSA-2562578;R-HSA-3295583;R-HSA-5213460;R-HSA-5675482;R-HSA-9013957;R-HSA-937041;R-HSA-9686347;R-HSA-9692913;R-HSA-9692916
1006,Q9Y5A9,0,ferrdb,9606,
1007,Q9Y5J7,0,ferreg,9606,R-HSA-1268020;R-HSA-9837999
1008,Q9Y5L2,0,ferrdb;ferreg,9606,R-HSA-8964572
1009,Q9Y5U8,0,ferrdb;ferreg,9606,R-HSA-70268
1010,Q9Y5W3,0,ferrdb;ferreg,9606,
1011,Q9Y5X3,0,ferrdb;ferreg,9606,R-HSA-432722
1012,Q9Y5Z9,0,ferrdb,9606,R-HSA-6806664
1013,Q9Y613,0,ferrdb,9606,
1014,Q9Y697,0,ferrdb;ferreg,9606,R-HSA-1362409;R-HSA-947581;R-HSA-9854311;R-HSA-9865881
1015,Q9Y6E7,0,ferrdb,9606,R-HSA-204174;R-HSA-2151201
1016,Q9Y6F1,0,ferrdb;ferreg,9606,
1017,Q9Y6G5,0,ferrdb,9606,R-HSA-8951664
1018,Q9Y6M1,0,ferrdb,9606,R-HSA-428359
1019,Q9Y6N5,0,ferrdb,9606,R-HSA-1614517
1020,Q9Y6P5,0,ferrdb,9606,R-HSA-5628897;R-HSA-9639288;R-HSA-9755511
1021,Q9Y6Q9,0,ferrdb,9606,R-HSA-1989781;R-HSA-381340;R-HSA-5617472;R-HSA-5687128;R-HSA-9018519;R-HSA-9841922
1022,Q9Y6X2,0,ferrdb,9606,R-HSA-3232118;R-HSA-3899300;R-HSA-4090294;R-HSA-4615885;R-HSA-4755510;R-HSA-5696395
